Workbook

Sheet Maintenance
A1: Item no | B1: New Item Description | C1: New Item Group | D1: Item Cost | E1: New Inventory | F1: In Stock | G1: Total Cost | H1: Department | I1: Category | J1: Machine | K1: Product Nature | L1: Category2 | M1: Seq | N1: New Item Code | O1: len | P1: Item Group | Q1: Item Group Name | R1: Product group | S1: Product group Description | T1: Column1
A2: ABB-0001 | B2: Package wires on the robot - signal 25463 - ROBOFLEX 2001 12G0,5 QMM 300/500V, | C2: Critical Spares-CS | D2: 84.214 | E2: Yes | F2: 20 | G2: =Table4[[#This Row],[Item Cost]]*Table4[[#This Row],[In Stock]] -> 1684.28 | H2: Spare Parts | I2: Critical Spares | J2: ABB | K2: wires | L2: Common | M2: =IF(LEN(COUNTIFS($H$1:H2,$H2,$I$1:I2,$I2,$J$1:J2,$J2,$K$1:K2,K2,$L$1:L2,L2))=1,"00"&COUNTIFS($H$1:H2,$H2,$I$1:I2,$I2,$J$1:J2,$J2,$K$1:K2,K2,$L$1:L2,L2),IF(LEN(COUNTIFS($H$1:H2,$H2,$I$1:I2,$I2,$J$1:J2,$J2,$K$1:K2,K2,$L$1:L2,L2))=2,"0"&COUNTIFS($H$1:H2,$H2,$I$1:I2,$I2,$J$1:J2,$J2,$K$1:K2,K2,$L$1:L2,L2),COUNTIFS($H$1:H2,$H2,$I$1:I2,$I2,$J$1:J2,$J2,$K$1:K2,K2,$L$1:L2,L2))) -> 001 | N2: =VLOOKUP(Table4[[#This Row],[Department]],'Mapping code'!A:B,2,0)&"-"&VLOOKUP(Table4[[#This Row],[Category]],'Mapping code'!E:F,2,0)&"-"&VLOOKUP(Table4[[#This Row],[Machine]],'Mapping code'!I:J,2,0)&"-"&VLOOKUP(Table4[[#This Row],[Product Nature]],'Mapping code'!N:O,2,0)&"-"&VLOOKUP(Table4[[#This Row],[Category2]],'Mapping code'!Q:R,2,0)&"-"&Table4[[#This Row],[Seq]] -> #N/A | O2: =+LEN(Table4[[#This Row],[New Item Code]]) -> #N/A | P2: MP0100 | Q2: Spare parts | S2: Spare parts ABB | T2: ABB
A3: ABB-0002 | B3: Package wires on the robot - power supply 29692 - ÖLFLEX® ROBOT F1 ( C ) 4 G 2,5 + (2 x 1,0 | C3: Critical Spares-CS | D3: 76.194 | E3: Yes | F3: 20 | G3: =Table4[[#This Row],[Item Cost]]*Table4[[#This Row],[In Stock]] -> 1523.88 | H3: Spare Parts | I3: Critical Spares | J3: ABB | K3: wires | L3: Common | M3: =IF(LEN(COUNTIFS($H$1:H3,$H3,$I$1:I3,$I3,$J$1:J3,$J3,$K$1:K3,K3,$L$1:L3,L3))=1,"00"&COUNTIFS($H$1:H3,$H3,$I$1:I3,$I3,$J$1:J3,$J3,$K$1:K3,K3,$L$1:L3,L3),IF(LEN(COUNTIFS($H$1:H3,$H3,$I$1:I3,$I3,$J$1:J3,$J3,$K$1:K3,K3,$L$1:L3,L3))=2,"0"&COUNTIFS($H$1:H3,$H3,$I$1:I3,$I3,$J$1:J3,$J3,$K$1:K3,K3,$L$1:L3,L3),COUNTIFS($H$1:H3,$H3,$I$1:I3,$I3,$J$1:J3,$J3,$K$1:K3,K3,$L$1:L3,L3))) -> 002 | N3: =VLOOKUP(Table4[[#This Row],[Department]],'Mapping code'!A:B,2,0)&"-"&VLOOKUP(Table4[[#This Row],[Category]],'Mapping code'!E:F,2,0)&"-"&VLOOKUP(Table4[[#This Row],[Machine]],'Mapping code'!I:J,2,0)&"-"&VLOOKUP(Table4[[#This Row],[Product Nature]],'Mapping code'!N:O,2,0)&"-"&VLOOKUP(Table4[[#This Row],[Category2]],'Mapping code'!Q:R,2,0)&"-"&Table4[[#This Row],[Seq]] -> #N/A | O3: =+LEN(Table4[[#This Row],[New Item Code]]) -> #N/A | P3: MP0100 | Q3: Spare parts | S3: Spare parts ABB | T3: ABB
A4: ABB-0003 | B4: Electrospindle ES350L - H6161H0485 - New | C4: Critical Spares-CS | D4: 33284.66 | E4: Yes | F4: 1 | G4: =Table4[[#This Row],[Item Cost]]*Table4[[#This Row],[In Stock]] -> 33284.66 | H4: Spare Parts | I4: Critical Spares | J4: ABB | K4: Spindle | L4: Common | M4: =IF(LEN(COUNTIFS($H$1:H4,$H4,$I$1:I4,$I4,$J$1:J4,$J4,$K$1:K4,K4,$L$1:L4,L4))=1,"00"&COUNTIFS($H$1:H4,$H4,$I$1:I4,$I4,$J$1:J4,$J4,$K$1:K4,K4,$L$1:L4,L4),IF(LEN(COUNTIFS($H$1:H4,$H4,$I$1:I4,$I4,$J$1:J4,$J4,$K$1:K4,K4,$L$1:L4,L4))=2,"0"&COUNTIFS($H$1:H4,$H4,$I$1:I4,$I4,$J$1:J4,$J4,$K$1:K4,K4,$L$1:L4,L4),COUNTIFS($H$1:H4,$H4,$I$1:I4,$I4,$J$1:J4,$J4,$K$1:K4,K4,$L$1:L4,L4))) -> 001 | N4: =VLOOKUP(Table4[[#This Row],[Department]],'Mapping code'!A:B,2,0)&"-"&VLOOKUP(Table4[[#This Row],[Category]],'Mapping code'!E:F,2,0)&"-"&VLOOKUP(Table4[[#This Row],[Machine]],'Mapping code'!I:J,2,0)&"-"&VLOOKUP(Table4[[#This Row],[Product Nature]],'Mapping code'!N:O,2,0)&"-"&VLOOKUP(Table4[[#This Row],[Category2]],'Mapping code'!Q:R,2,0)&"-"&Table4[[#This Row],[Seq]] -> #N/A | O4: =+LEN(Table4[[#This Row],[New Item Code]]) -> #N/A | P4: MP0100 | Q4: Spare parts | S4: Spare parts ABB | T4: ABB
A5: ABB-0006 | B5: OMRON Resistance brake A1000-REV00K6050-IE | C5: Critical Spares-CS | D5: 200.51 | E5: Yes | F5: 1 | G5: =Table4[[#This Row],[Item Cost]]*Table4[[#This Row],[In Stock]] -> 200.51 | H5: Spare Parts | I5: Critical Spares | J5: ABB | K5: Common | L5: Common | M5: =IF(LEN(COUNTIFS($H$1:H5,$H5,$I$1:I5,$I5,$J$1:J5,$J5,$K$1:K5,K5,$L$1:L5,L5))=1,"00"&COUNTIFS($H$1:H5,$H5,$I$1:I5,$I5,$J$1:J5,$J5,$K$1:K5,K5,$L$1:L5,L5),IF(LEN(COUNTIFS($H$1:H5,$H5,$I$1:I5,$I5,$J$1:J5,$J5,$K$1:K5,K5,$L$1:L5,L5))=2,"0"&COUNTIFS($H$1:H5,$H5,$I$1:I5,$I5,$J$1:J5,$J5,$K$1:K5,K5,$L$1:L5,L5),COUNTIFS($H$1:H5,$H5,$I$1:I5,$I5,$J$1:J5,$J5,$K$1:K5,K5,$L$1:L5,L5))) -> 001 | N5: =VLOOKUP(Table4[[#This Row],[Department]],'Mapping code'!A:B,2,0)&"-"&VLOOKUP(Table4[[#This Row],[Category]],'Mapping code'!E:F,2,0)&"-"&VLOOKUP(Table4[[#This Row],[Machine]],'Mapping code'!I:J,2,0)&"-"&VLOOKUP(Table4[[#This Row],[Product Nature]],'Mapping code'!N:O,2,0)&"-"&VLOOKUP(Table4[[#This Row],[Category2]],'Mapping code'!Q:R,2,0)&"-"&Table4[[#This Row],[Seq]] -> #N/A | O5: =+LEN(Table4[[#This Row],[New Item Code]]) -> #N/A | P5: MP0100 | Q5: Spare parts | S5: Spare parts ABB | T5: ABB
A6: ABB-0007 | B6: Pluto B20 v2 2TLA020070R4600 | C6: Critical Spares-CS | D6: 2726.94 | E6: Yes | F6: 1 | G6: =Table4[[#This Row],[Item Cost]]*Table4[[#This Row],[In Stock]] -> 2726.94 | H6: Spare Parts | I6: Critical Spares | J6: ABB | K6: Pluto | L6: Common | M6: =IF(LEN(COUNTIFS($H$1:H6,$H6,$I$1:I6,$I6,$J$1:J6,$J6,$K$1:K6,K6,$L$1:L6,L6))=1,"00"&COUNTIFS($H$1:H6,$H6,$I$1:I6,$I6,$J$1:J6,$J6,$K$1:K6,K6,$L$1:L6,L6),IF(LEN(COUNTIFS($H$1:H6,$H6,$I$1:I6,$I6,$J$1:J6,$J6,$K$1:K6,K6,$L$1:L6,L6))=2,"0"&COUNTIFS($H$1:H6,$H6,$I$1:I6,$I6,$J$1:J6,$J6,$K$1:K6,K6,$L$1:L6,L6),COUNTIFS($H$1:H6,$H6,$I$1:I6,$I6,$J$1:J6,$J6,$K$1:K6,K6,$L$1:L6,L6))) -> 001 | N6: =VLOOKUP(Table4[[#This Row],[Department]],'Mapping code'!A:B,2,0)&"-"&VLOOKUP(Table4[[#This Row],[Category]],'Mapping code'!E:F,2,0)&"-"&VLOOKUP(Table4[[#This Row],[Machine]],'Mapping code'!I:J,2,0)&"-"&VLOOKUP(Table4[[#This Row],[Product Nature]],'Mapping code'!N:O,2,0)&"-"&VLOOKUP(Table4[[#This Row],[Category2]],'Mapping code'!Q:R,2,0)&"-"&Table4[[#This Row],[Seq]] -> #N/A | O6: =+LEN(Table4[[#This Row],[New Item Code]]) -> #N/A | P6: MP0100 | Q6: Spare parts | S6: Spare parts ABB | T6: ABB
A7: ABB-0008 | B7: Pluto B46 v2 2TLA020070R1700 | C7: Critical Spares-CS | D7: 5072.01 | E7: Yes | F7: 1 | G7: =Table4[[#This Row],[Item Cost]]*Table4[[#This Row],[In Stock]] -> 5072.01 | H7: Spare Parts | I7: Critical Spares | J7: ABB | K7: Pluto | L7: Common | M7: =IF(LEN(COUNTIFS($H$1:H7,$H7,$I$1:I7,$I7,$J$1:J7,$J7,$K$1:K7,K7,$L$1:L7,L7))=1,"00"&COUNTIFS($H$1:H7,$H7,$I$1:I7,$I7,$J$1:J7,$J7,$K$1:K7,K7,$L$1:L7,L7),IF(LEN(COUNTIFS($H$1:H7,$H7,$I$1:I7,$I7,$J$1:J7,$J7,$K$1:K7,K7,$L$1:L7,L7))=2,"0"&COUNTIFS($H$1:H7,$H7,$I$1:I7,$I7,$J$1:J7,$J7,$K$1:K7,K7,$L$1:L7,L7),COUNTIFS($H$1:H7,$H7,$I$1:I7,$I7,$J$1:J7,$J7,$K$1:K7,K7,$L$1:L7,L7))) -> 002 | N7: =VLOOKUP(Table4[[#This Row],[Department]],'Mapping code'!A:B,2,0)&"-"&VLOOKUP(Table4[[#This Row],[Category]],'Mapping code'!E:F,2,0)&"-"&VLOOKUP(Table4[[#This Row],[Machine]],'Mapping code'!I:J,2,0)&"-"&VLOOKUP(Table4[[#This Row],[Product Nature]],'Mapping code'!N:O,2,0)&"-"&VLOOKUP(Table4[[#This Row],[Category2]],'Mapping code'!Q:R,2,0)&"-"&Table4[[#This Row],[Seq]] -> #N/A | O7: =+LEN(Table4[[#This Row],[New Item Code]]) -> #N/A | P7: MP0100 | Q7: Spare parts | S7: Spare parts ABB | T7: ABB
A8: ABB-0009 | B8: Pluto gate 2TLA020071R9300 | C8: Critical Spares-CS | D8: 1403.57 | E8: Yes | F8: 1 | G8: =Table4[[#This Row],[Item Cost]]*Table4[[#This Row],[In Stock]] -> 1403.57 | H8: Spare Parts | I8: Critical Spares | J8: ABB | K8: Pluto | L8: Common | M8: =IF(LEN(COUNTIFS($H$1:H8,$H8,$I$1:I8,$I8,$J$1:J8,$J8,$K$1:K8,K8,$L$1:L8,L8))=1,"00"&COUNTIFS($H$1:H8,$H8,$I$1:I8,$I8,$J$1:J8,$J8,$K$1:K8,K8,$L$1:L8,L8),IF(LEN(COUNTIFS($H$1:H8,$H8,$I$1:I8,$I8,$J$1:J8,$J8,$K$1:K8,K8,$L$1:L8,L8))=2,"0"&COUNTIFS($H$1:H8,$H8,$I$1:I8,$I8,$J$1:J8,$J8,$K$1:K8,K8,$L$1:L8,L8),COUNTIFS($H$1:H8,$H8,$I$1:I8,$I8,$J$1:J8,$J8,$K$1:K8,K8,$L$1:L8,L8))) -> 003 | N8: =VLOOKUP(Table4[[#This Row],[Department]],'Mapping code'!A:B,2,0)&"-"&VLOOKUP(Table4[[#This Row],[Category]],'Mapping code'!E:F,2,0)&"-"&VLOOKUP(Table4[[#This Row],[Machine]],'Mapping code'!I:J,2,0)&"-"&VLOOKUP(Table4[[#This Row],[Product Nature]],'Mapping code'!N:O,2,0)&"-"&VLOOKUP(Table4[[#This Row],[Category2]],'Mapping code'!Q:R,2,0)&"-"&Table4[[#This Row],[Seq]] -> #N/A | O8: =+LEN(Table4[[#This Row],[New Item Code]]) -> #N/A | P8: MP0100 | Q8: Spare parts | S8: Spare parts ABB | T8: ABB
A9: ABB-0010 | B9: ET200 head 6ES7155-6AA01-0BN0 | C9: Critical Spares-CS | D9: 3448.77 | E9: Yes | F9: 1 | G9: =Table4[[#This Row],[Item Cost]]*Table4[[#This Row],[In Stock]] -> 3448.77 | H9: Spare Parts | I9: Critical Spares | J9: ABB | K9: Common | L9: Common | M9: =IF(LEN(COUNTIFS($H$1:H9,$H9,$I$1:I9,$I9,$J$1:J9,$J9,$K$1:K9,K9,$L$1:L9,L9))=1,"00"&COUNTIFS($H$1:H9,$H9,$I$1:I9,$I9,$J$1:J9,$J9,$K$1:K9,K9,$L$1:L9,L9),IF(LEN(COUNTIFS($H$1:H9,$H9,$I$1:I9,$I9,$J$1:J9,$J9,$K$1:K9,K9,$L$1:L9,L9))=2,"0"&COUNTIFS($H$1:H9,$H9,$I$1:I9,$I9,$J$1:J9,$J9,$K$1:K9,K9,$L$1:L9,L9),COUNTIFS($H$1:H9,$H9,$I$1:I9,$I9,$J$1:J9,$J9,$K$1:K9,K9,$L$1:L9,L9))) -> 002 | N9: =VLOOKUP(Table4[[#This Row],[Department]],'Mapping code'!A:B,2,0)&"-"&VLOOKUP(Table4[[#This Row],[Category]],'Mapping code'!E:F,2,0)&"-"&VLOOKUP(Table4[[#This Row],[Machine]],'Mapping code'!I:J,2,0)&"-"&VLOOKUP(Table4[[#This Row],[Product Nature]],'Mapping code'!N:O,2,0)&"-"&VLOOKUP(Table4[[#This Row],[Category2]],'Mapping code'!Q:R,2,0)&"-"&Table4[[#This Row],[Seq]] -> #N/A | O9: =+LEN(Table4[[#This Row],[New Item Code]]) -> #N/A | P9: MP0100 | Q9: Spare parts | S9: Spare parts ABB | T9: ABB
A10: ABB-0011 | B10: ET200 INPUT 6ES7131-6BF01-0BA0 | C10: Critical Spares-CS | D10: 1022.6 | E10: Yes | F10: 1 | G10: =Table4[[#This Row],[Item Cost]]*Table4[[#This Row],[In Stock]] -> 1022.6 | H10: Spare Parts | I10: Critical Spares | J10: ABB | K10: Common | L10: Common | M10: =IF(LEN(COUNTIFS($H$1:H10,$H10,$I$1:I10,$I10,$J$1:J10,$J10,$K$1:K10,K10,$L$1:L10,L10))=1,"00"&COUNTIFS($H$1:H10,$H10,$I$1:I10,$I10,$J$1:J10,$J10,$K$1:K10,K10,$L$1:L10,L10),IF(LEN(COUNTIFS($H$1:H10,$H10,$I$1:I10,$I10,$J$1:J10,$J10,$K$1:K10,K10,$L$1:L10,L10))=2,"0"&COUNTIFS($H$1:H10,$H10,$I$1:I10,$I10,$J$1:J10,$J10,$K$1:K10,K10,$L$1:L10,L10),COUNTIFS($H$1:H10,$H10,$I$1:I10,$I10,$J$1:J10,$J10,$K$1:K10,K10,$L$1:L10,L10))) -> 003 | N10: =VLOOKUP(Table4[[#This Row],[Department]],'Mapping code'!A:B,2,0)&"-"&VLOOKUP(Table4[[#This Row],[Category]],'Mapping code'!E:F,2,0)&"-"&VLOOKUP(Table4[[#This Row],[Machine]],'Mapping code'!I:J,2,0)&"-"&VLOOKUP(Table4[[#This Row],[Product Nature]],'Mapping code'!N:O,2,0)&"-"&VLOOKUP(Table4[[#This Row],[Category2]],'Mapping code'!Q:R,2,0)&"-"&Table4[[#This Row],[Seq]] -> #N/A | O10: =+LEN(Table4[[#This Row],[New Item Code]]) -> #N/A | P10: MP0100 | Q10: Spare parts | S10: Spare parts ABB | T10: ABB
A11: ABB-0012 | B11: ET200 OUTPUT 6ES7132-6BF01-0BA0 | C11: Critical Spares-CS | D11: 1423.62 | E11: Yes | F11: 1 | G11: =Table4[[#This Row],[Item Cost]]*Table4[[#This Row],[In Stock]] -> 1423.62 | H11: Spare Parts | I11: Critical Spares | J11: ABB | K11: Common | L11: Common | M11: =IF(LEN(COUNTIFS($H$1:H11,$H11,$I$1:I11,$I11,$J$1:J11,$J11,$K$1:K11,K11,$L$1:L11,L11))=1,"00"&COUNTIFS($H$1:H11,$H11,$I$1:I11,$I11,$J$1:J11,$J11,$K$1:K11,K11,$L$1:L11,L11),IF(LEN(COUNTIFS($H$1:H11,$H11,$I$1:I11,$I11,$J$1:J11,$J11,$K$1:K11,K11,$L$1:L11,L11))=2,"0"&COUNTIFS($H$1:H11,$H11,$I$1:I11,$I11,$J$1:J11,$J11,$K$1:K11,K11,$L$1:L11,L11),COUNTIFS($H$1:H11,$H11,$I$1:I11,$I11,$J$1:J11,$J11,$K$1:K11,K11,$L$1:L11,L11))) -> 004 | N11: =VLOOKUP(Table4[[#This Row],[Department]],'Mapping code'!A:B,2,0)&"-"&VLOOKUP(Table4[[#This Row],[Category]],'Mapping code'!E:F,2,0)&"-"&VLOOKUP(Table4[[#This Row],[Machine]],'Mapping code'!I:J,2,0)&"-"&VLOOKUP(Table4[[#This Row],[Product Nature]],'Mapping code'!N:O,2,0)&"-"&VLOOKUP(Table4[[#This Row],[Category2]],'Mapping code'!Q:R,2,0)&"-"&Table4[[#This Row],[Seq]] -> #N/A | O11: =+LEN(Table4[[#This Row],[New Item Code]]) -> #N/A | P11: MP0100 | Q11: Spare parts | S11: Spare parts ABB | T11: ABB
A12: ABB-0013 | B12: ET200 insulated base 6ES7193-6BP20-0DA0 | C12: Critical Spares-CS | D12: 962.45 | E12: Yes | F12: 1 | G12: =Table4[[#This Row],[Item Cost]]*Table4[[#This Row],[In Stock]] -> 962.45 | H12: Spare Parts | I12: Connector | J12: ABB | K12: Common | L12: Common | M12: =IF(LEN(COUNTIFS($H$1:H12,$H12,$I$1:I12,$I12,$J$1:J12,$J12,$K$1:K12,K12,$L$1:L12,L12))=1,"00"&COUNTIFS($H$1:H12,$H12,$I$1:I12,$I12,$J$1:J12,$J12,$K$1:K12,K12,$L$1:L12,L12),IF(LEN(COUNTIFS($H$1:H12,$H12,$I$1:I12,$I12,$J$1:J12,$J12,$K$1:K12,K12,$L$1:L12,L12))=2,"0"&COUNTIFS($H$1:H12,$H12,$I$1:I12,$I12,$J$1:J12,$J12,$K$1:K12,K12,$L$1:L12,L12),COUNTIFS($H$1:H12,$H12,$I$1:I12,$I12,$J$1:J12,$J12,$K$1:K12,K12,$L$1:L12,L12))) -> 001 | N12: =VLOOKUP(Table4[[#This Row],[Department]],'Mapping code'!A:B,2,0)&"-"&VLOOKUP(Table4[[#This Row],[Category]],'Mapping code'!E:F,2,0)&"-"&VLOOKUP(Table4[[#This Row],[Machine]],'Mapping code'!I:J,2,0)&"-"&VLOOKUP(Table4[[#This Row],[Product Nature]],'Mapping code'!N:O,2,0)&"-"&VLOOKUP(Table4[[#This Row],[Category2]],'Mapping code'!Q:R,2,0)&"-"&Table4[[#This Row],[Seq]] -> #N/A | O12: =+LEN(Table4[[#This Row],[New Item Code]]) -> #N/A | P12: MP0100 | Q12: Spare parts | S12: Spare parts ABB | T12: ABB
A13: ABB-0014 | B13: Smile 11 EA Tina 2TLA030050R0000 | C13: Critical Spares-CS | D13: 320.82 | E13: Yes | F13: 1 | G13: =Table4[[#This Row],[Item Cost]]*Table4[[#This Row],[In Stock]] -> 320.82 | H13: Spare Parts | I13: Critical Spares | J13: ABB | K13: Common | L13: Common | M13: =IF(LEN(COUNTIFS($H$1:H13,$H13,$I$1:I13,$I13,$J$1:J13,$J13,$K$1:K13,K13,$L$1:L13,L13))=1,"00"&COUNTIFS($H$1:H13,$H13,$I$1:I13,$I13,$J$1:J13,$J13,$K$1:K13,K13,$L$1:L13,L13),IF(LEN(COUNTIFS($H$1:H13,$H13,$I$1:I13,$I13,$J$1:J13,$J13,$K$1:K13,K13,$L$1:L13,L13))=2,"0"&COUNTIFS($H$1:H13,$H13,$I$1:I13,$I13,$J$1:J13,$J13,$K$1:K13,K13,$L$1:L13,L13),COUNTIFS($H$1:H13,$H13,$I$1:I13,$I13,$J$1:J13,$J13,$K$1:K13,K13,$L$1:L13,L13))) -> 005 | N13: =VLOOKUP(Table4[[#This Row],[Department]],'Mapping code'!A:B,2,0)&"-"&VLOOKUP(Table4[[#This Row],[Category]],'Mapping code'!E:F,2,0)&"-"&VLOOKUP(Table4[[#This Row],[Machine]],'Mapping code'!I:J,2,0)&"-"&VLOOKUP(Table4[[#This Row],[Product Nature]],'Mapping code'!N:O,2,0)&"-"&VLOOKUP(Table4[[#This Row],[Category2]],'Mapping code'!Q:R,2,0)&"-"&Table4[[#This Row],[Seq]] -> #N/A | O13: =+LEN(Table4[[#This Row],[New Item Code]]) -> #N/A | P13: MP0100 | Q13: Spare parts | S13: Spare parts ABB | T13: ABB
... A55: ABB-0057 | B55: Omron E2E-X8B1TL18-M1 | C55: Normal Spares-NS | D55: 149 | E55: Yes | F55: 10 | G55: =Table4[[#This Row],[Item Cost]]*Table4[[#This Row],[In Stock]] -> 1490 | H55: Spare Parts | I55: Normal Spares | J55: ABB | K55: Common | L55: Common | M55: =IF(LEN(COUNTIFS($H$1:H55,$H55,$I$1:I55,$I55,$J$1:J55,$J55,$K$1:K55,K55,$L$1:L55,L55))=1,"00"&COUNTIFS($H$1:H55,$H55,$I$1:I55,$I55,$J$1:J55,$J55,$K$1:K55,K55,$L$1:L55,L55),IF(LEN(COUNTIFS($H$1:H55,$H55,$I$1:I55,$I55,$J$1:J55,$J55,$K$1:K55,K55,$L$1:L55,L55))=2,"0"&COUNTIFS($H$1:H55,$H55,$I$1:I55,$I55,$J$1:J55,$J55,$K$1:K55,K55,$L$1:L55,L55),COUNTIFS($H$1:H55,$H55,$I$1:I55,$I55,$J$1:J55,$J55,$K$1:K55,K55,$L$1:L55,L55))) -> 013 | N55: =VLOOKUP(Table4[[#This Row],[Department]],'Mapping code'!A:B,2,0)&"-"&VLOOKUP(Table4[[#This Row],[Category]],'Mapping code'!E:F,2,0)&"-"&VLOOKUP(Table4[[#This Row],[Machine]],'Mapping code'!I:J,2,0)&"-"&VLOOKUP(Table4[[#This Row],[Product Nature]],'Mapping code'!N:O,2,0)&"-"&VLOOKUP(Table4[[#This Row],[Category2]],'Mapping code'!Q:R,2,0)&"-"&Table4[[#This Row],[Seq]] -> #N/A | O55: =+LEN(Table4[[#This Row],[New Item Code]]) -> #N/A | P55: MP0100 | Q55: Spare parts | S55: Spare parts ABB | T55: ABB
A56: ABB-0058 | B56: Refurbished - Electrospindle | C56: Normal Spares-NS | D56: 10500 | E56: Yes | F56: 1 | G56: =Table4[[#This Row],[Item Cost]]*Table4[[#This Row],[In Stock]] -> 10500 | H56: Spare Parts | I56: Normal Spares | J56: ABB | K56: Spindle | L56: Common | M56: =IF(LEN(COUNTIFS($H$1:H56,$H56,$I$1:I56,$I56,$J$1:J56,$J56,$K$1:K56,K56,$L$1:L56,L56))=1,"00"&COUNTIFS($H$1:H56,$H56,$I$1:I56,$I56,$J$1:J56,$J56,$K$1:K56,K56,$L$1:L56,L56),IF(LEN(COUNTIFS($H$1:H56,$H56,$I$1:I56,$I56,$J$1:J56,$J56,$K$1:K56,K56,$L$1:L56,L56))=2,"0"&COUNTIFS($H$1:H56,$H56,$I$1:I56,$I56,$J$1:J56,$J56,$K$1:K56,K56,$L$1:L56,L56),COUNTIFS($H$1:H56,$H56,$I$1:I56,$I56,$J$1:J56,$J56,$K$1:K56,K56,$L$1:L56,L56))) -> 002 | N56: =VLOOKUP(Table4[[#This Row],[Department]],'Mapping code'!A:B,2,0)&"-"&VLOOKUP(Table4[[#This Row],[Category]],'Mapping code'!E:F,2,0)&"-"&VLOOKUP(Table4[[#This Row],[Machine]],'Mapping code'!I:J,2,0)&"-"&VLOOKUP(Table4[[#This Row],[Product Nature]],'Mapping code'!N:O,2,0)&"-"&VLOOKUP(Table4[[#This Row],[Category2]],'Mapping code'!Q:R,2,0)&"-"&Table4[[#This Row],[Seq]] -> #N/A | O56: =+LEN(Table4[[#This Row],[New Item Code]]) -> #N/A | P56: MP0100 | Q56: Spare parts | S56: Spare parts ABB | T56: #N/A
A57: ABBFX-001 | B57: BI2-EG08K-AP6X-V1131 Inductive sensor TURCK M8x1 | C57: Normal Spares-NS | D57: 82 | E57: Yes | F57: 4 | G57: =Table4[[#This Row],[Item Cost]]*Table4[[#This Row],[In Stock]] -> 328 | H57: Spare Parts | I57: Normal Spares | J57: ABB | K57: Common | L57: Common | M57: =IF(LEN(COUNTIFS($H$1:H57,$H57,$I$1:I57,$I57,$J$1:J57,$J57,$K$1:K57,K57,$L$1:L57,L57))=1,"00"&COUNTIFS($H$1:H57,$H57,$I$1:I57,$I57,$J$1:J57,$J57,$K$1:K57,K57,$L$1:L57,L57),IF(LEN(COUNTIFS($H$1:H57,$H57,$I$1:I57,$I57,$J$1:J57,$J57,$K$1:K57,K57,$L$1:L57,L57))=2,"0"&COUNTIFS($H$1:H57,$H57,$I$1:I57,$I57,$J$1:J57,$J57,$K$1:K57,K57,$L$1:L57,L57),COUNTIFS($H$1:H57,$H57,$I$1:I57,$I57,$J$1:J57,$J57,$K$1:K57,K57,$L$1:L57,L57))) -> 014 | N57: =VLOOKUP(Table4[[#This Row],[Department]],'Mapping code'!A:B,2,0)&"-"&VLOOKUP(Table4[[#This Row],[Category]],'Mapping code'!E:F,2,0)&"-"&VLOOKUP(Table4[[#This Row],[Machine]],'Mapping code'!I:J,2,0)&"-"&VLOOKUP(Table4[[#This Row],[Product Nature]],'Mapping code'!N:O,2,0)&"-"&VLOOKUP(Table4[[#This Row],[Category2]],'Mapping code'!Q:R,2,0)&"-"&Table4[[#This Row],[Seq]] -> #N/A | O57: =+LEN(Table4[[#This Row],[New Item Code]]) -> #N/A | P57: MP0100 | Q57: Spare parts | S57: Spare parts ABB | T57: ABB
A58: ABBFX-002 | B58: SWKP3-2 P00 TURCK M8x1 cable with LED | C58: Normal Spares-NS | D58: 64.5 | E58: Yes | F58: 4 | G58: =Table4[[#This Row],[Item Cost]]*Table4[[#This Row],[In Stock]] -> 258 | H58: Spare Parts | I58: Normal Spares | J58: ABB | K58: Common | L58: Common | M58: =IF(LEN(COUNTIFS($H$1:H58,$H58,$I$1:I58,$I58,$J$1:J58,$J58,$K$1:K58,K58,$L$1:L58,L58))=1,"00"&COUNTIFS($H$1:H58,$H58,$I$1:I58,$I58,$J$1:J58,$J58,$K$1:K58,K58,$L$1:L58,L58),IF(LEN(COUNTIFS($H$1:H58,$H58,$I$1:I58,$I58,$J$1:J58,$J58,$K$1:K58,K58,$L$1:L58,L58))=2,"0"&COUNTIFS($H$1:H58,$H58,$I$1:I58,$I58,$J$1:J58,$J58,$K$1:K58,K58,$L$1:L58,L58),COUNTIFS($H$1:H58,$H58,$I$1:I58,$I58,$J$1:J58,$J58,$K$1:K58,K58,$L$1:L58,L58))) -> 015 | N58: =VLOOKUP(Table4[[#This Row],[Department]],'Mapping code'!A:B,2,0)&"-"&VLOOKUP(Table4[[#This Row],[Category]],'Mapping code'!E:F,2,0)&"-"&VLOOKUP(Table4[[#This Row],[Machine]],'Mapping code'!I:J,2,0)&"-"&VLOOKUP(Table4[[#This Row],[Product Nature]],'Mapping code'!N:O,2,0)&"-"&VLOOKUP(Table4[[#This Row],[Category2]],'Mapping code'!Q:R,2,0)&"-"&Table4[[#This Row],[Seq]] -> #N/A | O58: =+LEN(Table4[[#This Row],[New Item Code]]) -> #N/A | P58: MP0100 | Q58: Spare parts | S58: Spare parts ABB | T58: ABB
A59: ABBFX-003 | B59: TBEN-S2-8DXP Hub | C59: Normal Spares-NS | D59: 1077 | E59: Yes | F59: 1 | G59: =Table4[[#This Row],[Item Cost]]*Table4[[#This Row],[In Stock]] -> 1077 | H59: Spare Parts | I59: Normal Spares | J59: ABB | K59: Common | L59: Common | M59: =IF(LEN(COUNTIFS($H$1:H59,$H59,$I$1:I59,$I59,$J$1:J59,$J59,$K$1:K59,K59,$L$1:L59,L59))=1,"00"&COUNTIFS($H$1:H59,$H59,$I$1:I59,$I59,$J$1:J59,$J59,$K$1:K59,K59,$L$1:L59,L59),IF(LEN(COUNTIFS($H$1:H59,$H59,$I$1:I59,$I59,$J$1:J59,$J59,$K$1:K59,K59,$L$1:L59,L59))=2,"0"&COUNTIFS($H$1:H59,$H59,$I$1:I59,$I59,$J$1:J59,$J59,$K$1:K59,K59,$L$1:L59,L59),COUNTIFS($H$1:H59,$H59,$I$1:I59,$I59,$J$1:J59,$J59,$K$1:K59,K59,$L$1:L59,L59))) -> 016 | N59: =VLOOKUP(Table4[[#This Row],[Department]],'Mapping code'!A:B,2,0)&"-"&VLOOKUP(Table4[[#This Row],[Category]],'Mapping code'!E:F,2,0)&"-"&VLOOKUP(Table4[[#This Row],[Machine]],'Mapping code'!I:J,2,0)&"-"&VLOOKUP(Table4[[#This Row],[Product Nature]],'Mapping code'!N:O,2,0)&"-"&VLOOKUP(Table4[[#This Row],[Category2]],'Mapping code'!Q:R,2,0)&"-"&Table4[[#This Row],[Seq]] -> #N/A | O59: =+LEN(Table4[[#This Row],[New Item Code]]) -> #N/A | P59: MP0100 | Q59: Spare parts | S59: Spare parts ABB | T59: ABB
A60: ABBFX-004 | B60: BI4-M12-AP6X-H1141 Inductive TURCK sensor M12x1 | C60: Normal Spares-NS | D60: 55 | E60: Yes | F60: 1 | G60: =Table4[[#This Row],[Item Cost]]*Table4[[#This Row],[In Stock]] -> 55 | H60: Spare Parts | I60: Normal Spares | J60: ABB | K60: Common | L60: Common | M60: =IF(LEN(COUNTIFS($H$1:H60,$H60,$I$1:I60,$I60,$J$1:J60,$J60,$K$1:K60,K60,$L$1:L60,L60))=1,"00"&COUNTIFS($H$1:H60,$H60,$I$1:I60,$I60,$J$1:J60,$J60,$K$1:K60,K60,$L$1:L60,L60),IF(LEN(COUNTIFS($H$1:H60,$H60,$I$1:I60,$I60,$J$1:J60,$J60,$K$1:K60,K60,$L$1:L60,L60))=2,"0"&COUNTIFS($H$1:H60,$H60,$I$1:I60,$I60,$J$1:J60,$J60,$K$1:K60,K60,$L$1:L60,L60),COUNTIFS($H$1:H60,$H60,$I$1:I60,$I60,$J$1:J60,$J60,$K$1:K60,K60,$L$1:L60,L60))) -> 017 | N60: =VLOOKUP(Table4[[#This Row],[Department]],'Mapping code'!A:B,2,0)&"-"&VLOOKUP(Table4[[#This Row],[Category]],'Mapping code'!E:F,2,0)&"-"&VLOOKUP(Table4[[#This Row],[Machine]],'Mapping code'!I:J,2,0)&"-"&VLOOKUP(Table4[[#This Row],[Product Nature]],'Mapping code'!N:O,2,0)&"-"&VLOOKUP(Table4[[#This Row],[Category2]],'Mapping code'!Q:R,2,0)&"-"&Table4[[#This Row],[Seq]] -> #N/A | O60: =+LEN(Table4[[#This Row],[New Item Code]]) -> #N/A | P60: MP0100 | Q60: Spare parts | S60: Spare parts ABB | T60: ABB
A61: ABBFX-005 | B61: 6814076 TURCK TBEN-S2-8DXP 2A | C61: Normal Spares-NS | D61: 1077 | E61: Yes | F61: 1 | G61: =Table4[[#This Row],[Item Cost]]*Table4[[#This Row],[In Stock]] -> 1077 | H61: Spare Parts | I61: Normal Spares | J61: ABB | K61: Common | L61: Common | M61: =IF(LEN(COUNTIFS($H$1:H61,$H61,$I$1:I61,$I61,$J$1:J61,$J61,$K$1:K61,K61,$L$1:L61,L61))=1,"00"&COUNTIFS($H$1:H61,$H61,$I$1:I61,$I61,$J$1:J61,$J61,$K$1:K61,K61,$L$1:L61,L61),IF(LEN(COUNTIFS($H$1:H61,$H61,$I$1:I61,$I61,$J$1:J61,$J61,$K$1:K61,K61,$L$1:L61,L61))=2,"0"&COUNTIFS($H$1:H61,$H61,$I$1:I61,$I61,$J$1:J61,$J61,$K$1:K61,K61,$L$1:L61,L61),COUNTIFS($H$1:H61,$H61,$I$1:I61,$I61,$J$1:J61,$J61,$K$1:K61,K61,$L$1:L61,L61))) -> 018 | N61: =VLOOKUP(Table4[[#This Row],[Department]],'Mapping code'!A:B,2,0)&"-"&VLOOKUP(Table4[[#This Row],[Category]],'Mapping code'!E:F,2,0)&"-"&VLOOKUP(Table4[[#This Row],[Machine]],'Mapping code'!I:J,2,0)&"-"&VLOOKUP(Table4[[#This Row],[Product Nature]],'Mapping code'!N:O,2,0)&"-"&VLOOKUP(Table4[[#This Row],[Category2]],'Mapping code'!Q:R,2,0)&"-"&Table4[[#This Row],[Seq]] -> #N/A | O61: =+LEN(Table4[[#This Row],[New Item Code]]) -> #N/A | P61: MP0100 | Q61: Spare parts | S61: Spare parts ABB | T61: ABB
A62: ABBFX-006 | B62: 0471153 SPC 40 Positioning pin SCHUNK | C62: Normal Spares-NS | D62: 0 | E62: Yes | F62: 0 | G62: =Table4[[#This Row],[Item Cost]]*Table4[[#This Row],[In Stock]] -> 0 | H62: Spare Parts | I62: Normal Spares | J62: ABB | K62: Common | L62: Common | M62: =IF(LEN(COUNTIFS($H$1:H62,$H62,$I$1:I62,$I62,$J$1:J62,$J62,$K$1:K62,K62,$L$1:L62,L62))=1,"00"&COUNTIFS($H$1:H62,$H62,$I$1:I62,$I62,$J$1:J62,$J62,$K$1:K62,K62,$L$1:L62,L62),IF(LEN(COUNTIFS($H$1:H62,$H62,$I$1:I62,$I62,$J$1:J62,$J62,$K$1:K62,K62,$L$1:L62,L62))=2,"0"&COUNTIFS($H$1:H62,$H62,$I$1:I62,$I62,$J$1:J62,$J62,$K$1:K62,K62,$L$1:L62,L62),COUNTIFS($H$1:H62,$H62,$I$1:I62,$I62,$J$1:J62,$J62,$K$1:K62,K62,$L$1:L62,L62))) -> 019 | N62: =VLOOKUP(Table4[[#This Row],[Department]],'Mapping code'!A:B,2,0)&"-"&VLOOKUP(Table4[[#This Row],[Category]],'Mapping code'!E:F,2,0)&"-"&VLOOKUP(Table4[[#This Row],[Machine]],'Mapping code'!I:J,2,0)&"-"&VLOOKUP(Table4[[#This Row],[Product Nature]],'Mapping code'!N:O,2,0)&"-"&VLOOKUP(Table4[[#This Row],[Category2]],'Mapping code'!Q:R,2,0)&"-"&Table4[[#This Row],[Seq]] -> #N/A | O62: =+LEN(Table4[[#This Row],[New Item Code]]) -> #N/A | P62: MP0100 | Q62: Spare parts | S62: Spare parts ABB | T62: ABB
A63: ABBFX-007 | B63: 471153 SPC 40RF Fastening pin | C63: Normal Spares-NS | D63: 238.715 | E63: Yes | F63: 2 | G63: =Table4[[#This Row],[Item Cost]]*Table4[[#This Row],[In Stock]] -> 477.43 | H63: Spare Parts | I63: Normal Spares | J63: ABB | K63: Common | L63: Common | M63: =IF(LEN(COUNTIFS($H$1:H63,$H63,$I$1:I63,$I63,$J$1:J63,$J63,$K$1:K63,K63,$L$1:L63,L63))=1,"00"&COUNTIFS($H$1:H63,$H63,$I$1:I63,$I63,$J$1:J63,$J63,$K$1:K63,K63,$L$1:L63,L63),IF(LEN(COUNTIFS($H$1:H63,$H63,$I$1:I63,$I63,$J$1:J63,$J63,$K$1:K63,K63,$L$1:L63,L63))=2,"0"&COUNTIFS($H$1:H63,$H63,$I$1:I63,$I63,$J$1:J63,$J63,$K$1:K63,K63,$L$1:L63,L63),COUNTIFS($H$1:H63,$H63,$I$1:I63,$I63,$J$1:J63,$J63,$K$1:K63,K63,$L$1:L63,L63))) -> 020 | N63: =VLOOKUP(Table4[[#This Row],[Department]],'Mapping code'!A:B,2,0)&"-"&VLOOKUP(Table4[[#This Row],[Category]],'Mapping code'!E:F,2,0)&"-"&VLOOKUP(Table4[[#This Row],[Machine]],'Mapping code'!I:J,2,0)&"-"&VLOOKUP(Table4[[#This Row],[Product Nature]],'Mapping code'!N:O,2,0)&"-"&VLOOKUP(Table4[[#This Row],[Category2]],'Mapping code'!Q:R,2,0)&"-"&Table4[[#This Row],[Seq]] -> #N/A | O63: =+LEN(Table4[[#This Row],[New Item Code]]) -> #N/A | P63: MP0100 | Q63: Spare parts | S63: Spare parts ABB | T63: ABB
A64: ABBFX-008 | B64: 471152 SPB 40RF Alignment pin | C64: Normal Spares-NS | D64: 326.855 | E64: Yes | F64: 2 | G64: =Table4[[#This Row],[Item Cost]]*Table4[[#This Row],[In Stock]] -> 653.71 | H64: Spare Parts | I64: Normal Spares | J64: ABB | K64: Common | L64: Common | M64: =IF(LEN(COUNTIFS($H$1:H64,$H64,$I$1:I64,$I64,$J$1:J64,$J64,$K$1:K64,K64,$L$1:L64,L64))=1,"00"&COUNTIFS($H$1:H64,$H64,$I$1:I64,$I64,$J$1:J64,$J64,$K$1:K64,K64,$L$1:L64,L64),IF(LEN(COUNTIFS($H$1:H64,$H64,$I$1:I64,$I64,$J$1:J64,$J64,$K$1:K64,K64,$L$1:L64,L64))=2,"0"&COUNTIFS($H$1:H64,$H64,$I$1:I64,$I64,$J$1:J64,$J64,$K$1:K64,K64,$L$1:L64,L64),COUNTIFS($H$1:H64,$H64,$I$1:I64,$I64,$J$1:J64,$J64,$K$1:K64,K64,$L$1:L64,L64))) -> 021 | N64: =VLOOKUP(Table4[[#This Row],[Department]],'Mapping code'!A:B,2,0)&"-"&VLOOKUP(Table4[[#This Row],[Category]],'Mapping code'!E:F,2,0)&"-"&VLOOKUP(Table4[[#This Row],[Machine]],'Mapping code'!I:J,2,0)&"-"&VLOOKUP(Table4[[#This Row],[Product Nature]],'Mapping code'!N:O,2,0)&"-"&VLOOKUP(Table4[[#This Row],[Category2]],'Mapping code'!Q:R,2,0)&"-"&Table4[[#This Row],[Seq]] -> #N/A | O64: =+LEN(Table4[[#This Row],[New Item Code]]) -> #N/A | P64: MP0100 | Q64: Spare parts | S64: Spare parts ABB | T64: ABB
A65: ABBFX-009 | B65: 0471151 SPA 40 Positioning pin SCHUNK | C65: Normal Spares-NS | D65: 275.44 | E65: Yes | F65: 2 | G65: =Table4[[#This Row],[Item Cost]]*Table4[[#This Row],[In Stock]] -> 550.88 | H65: Spare Parts | I65: Normal Spares | J65: ABB | K65: Common | L65: Common | M65: =IF(LEN(COUNTIFS($H$1:H65,$H65,$I$1:I65,$I65,$J$1:J65,$J65,$K$1:K65,K65,$L$1:L65,L65))=1,"00"&COUNTIFS($H$1:H65,$H65,$I$1:I65,$I65,$J$1:J65,$J65,$K$1:K65,K65,$L$1:L65,L65),IF(LEN(COUNTIFS($H$1:H65,$H65,$I$1:I65,$I65,$J$1:J65,$J65,$K$1:K65,K65,$L$1:L65,L65))=2,"0"&COUNTIFS($H$1:H65,$H65,$I$1:I65,$I65,$J$1:J65,$J65,$K$1:K65,K65,$L$1:L65,L65),COUNTIFS($H$1:H65,$H65,$I$1:I65,$I65,$J$1:J65,$J65,$K$1:K65,K65,$L$1:L65,L65))) -> 022 | N65: =VLOOKUP(Table4[[#This Row],[Department]],'Mapping code'!A:B,2,0)&"-"&VLOOKUP(Table4[[#This Row],[Category]],'Mapping code'!E:F,2,0)&"-"&VLOOKUP(Table4[[#This Row],[Machine]],'Mapping code'!I:J,2,0)&"-"&VLOOKUP(Table4[[#This Row],[Product Nature]],'Mapping code'!N:O,2,0)&"-"&VLOOKUP(Table4[[#This Row],[Category2]],'Mapping code'!Q:R,2,0)&"-"&Table4[[#This Row],[Seq]] -> #N/A | O65: =+LEN(Table4[[#This Row],[New Item Code]]) -> #N/A | P65: MP0100 | Q65: Spare parts | S65: Spare parts ABB | T65: ABB
A66: ABBFX-010 | B66: 0471152 SPB 40 Positioning pin SCHUNK | C66: Normal Spares-NS | D66: 0 | E66: Yes | F66: 0 | G66: =Table4[[#This Row],[Item Cost]]*Table4[[#This Row],[In Stock]] -> 0 | H66: Spare Parts | I66: Normal Spares | J66: ABB | K66: Common | L66: Common | M66: =IF(LEN(COUNTIFS($H$1:H66,$H66,$I$1:I66,$I66,$J$1:J66,$J66,$K$1:K66,K66,$L$1:L66,L66))=1,"00"&COUNTIFS($H$1:H66,$H66,$I$1:I66,$I66,$J$1:J66,$J66,$K$1:K66,K66,$L$1:L66,L66),IF(LEN(COUNTIFS($H$1:H66,$H66,$I$1:I66,$I66,$J$1:J66,$J66,$K$1:K66,K66,$L$1:L66,L66))=2,"0"&COUNTIFS($H$1:H66,$H66,$I$1:I66,$I66,$J$1:J66,$J66,$K$1:K66,K66,$L$1:L66,L66),COUNTIFS($H$1:H66,$H66,$I$1:I66,$I66,$J$1:J66,$J66,$K$1:K66,K66,$L$1:L66,L66))) -> 023 | N66: =VLOOKUP(Table4[[#This Row],[Department]],'Mapping code'!A:B,2,0)&"-"&VLOOKUP(Table4[[#This Row],[Category]],'Mapping code'!E:F,2,0)&"-"&VLOOKUP(Table4[[#This Row],[Machine]],'Mapping code'!I:J,2,0)&"-"&VLOOKUP(Table4[[#This Row],[Product Nature]],'Mapping code'!N:O,2,0)&"-"&VLOOKUP(Table4[[#This Row],[Category2]],'Mapping code'!Q:R,2,0)&"-"&Table4[[#This Row],[Seq]] -> #N/A | O66: =+LEN(Table4[[#This Row],[New Item Code]]) -> #N/A | P66: MP0100 | Q66: Spare parts | S66: Spare parts ABB | T66: ABB
A67: ABBFX-011 | B67: 471151 SPA 40RF Retaining pin | C67: Normal Spares-NS | D67: 0 | E67: Yes | F67: 0 | G67: =Table4[[#This Row],[Item Cost]]*Table4[[#This Row],[In Stock]] -> 0 | H67: Spare Parts | I67: Normal Spares | J67: ABB | K67: Common | L67: Common | M67: =IF(LEN(COUNTIFS($H$1:H67,$H67,$I$1:I67,$I67,$J$1:J67,$J67,$K$1:K67,K67,$L$1:L67,L67))=1,"00"&COUNTIFS($H$1:H67,$H67,$I$1:I67,$I67,$J$1:J67,$J67,$K$1:K67,K67,$L$1:L67,L67),IF(LEN(COUNTIFS($H$1:H67,$H67,$I$1:I67,$I67,$J$1:J67,$J67,$K$1:K67,K67,$L$1:L67,L67))=2,"0"&COUNTIFS($H$1:H67,$H67,$I$1:I67,$I67,$J$1:J67,$J67,$K$1:K67,K67,$L$1:L67,L67),COUNTIFS($H$1:H67,$H67,$I$1:I67,$I67,$J$1:J67,$J67,$K$1:K67,K67,$L$1:L67,L67))) -> 024 | N67: =VLOOKUP(Table4[[#This Row],[Department]],'Mapping code'!A:B,2,0)&"-"&VLOOKUP(Table4[[#This Row],[Category]],'Mapping code'!E:F,2,0)&"-"&VLOOKUP(Table4[[#This Row],[Machine]],'Mapping code'!I:J,2,0)&"-"&VLOOKUP(Table4[[#This Row],[Product Nature]],'Mapping code'!N:O,2,0)&"-"&VLOOKUP(Table4[[#This Row],[Category2]],'Mapping code'!Q:R,2,0)&"-"&Table4[[#This Row],[Seq]] -> #N/A | O67: =+LEN(Table4[[#This Row],[New Item Code]]) -> #N/A | P67: MP0100 | Q67: Spare parts | S67: Spare parts ABB | T67: ABB
A68: ABBFX-012 | B68: 1674901 Clamped contact CK1 6-ED-0 37ST | C68: Normal Spares-NS | D68: 4.59 | E68: Yes | F68: 0 | G68: =Table4[[#This Row],[Item Cost]]*Table4[[#This Row],[In Stock]] -> 0 | H68: Spare Parts | I68: Normal Spares | J68: ABB | K68: Common | L68: Common | M68: =IF(LEN(COUNTIFS($H$1:H68,$H68,$I$1:I68,$I68,$J$1:J68,$J68,$K$1:K68,K68,$L$1:L68,L68))=1,"00"&COUNTIFS($H$1:H68,$H68,$I$1:I68,$I68,$J$1:J68,$J68,$K$1:K68,K68,$L$1:L68,L68),IF(LEN(COUNTIFS($H$1:H68,$H68,$I$1:I68,$I68,$J$1:J68,$J68,$K$1:K68,K68,$L$1:L68,L68))=2,"0"&COUNTIFS($H$1:H68,$H68,$I$1:I68,$I68,$J$1:J68,$J68,$K$1:K68,K68,$L$1:L68,L68),COUNTIFS($H$1:H68,$H68,$I$1:I68,$I68,$J$1:J68,$J68,$K$1:K68,K68,$L$1:L68,L68))) -> 025 | N68: =VLOOKUP(Table4[[#This Row],[Department]],'Mapping code'!A:B,2,0)&"-"&VLOOKUP(Table4[[#This Row],[Category]],'Mapping code'!E:F,2,0)&"-"&VLOOKUP(Table4[[#This Row],[Machine]],'Mapping code'!I:J,2,0)&"-"&VLOOKUP(Table4[[#This Row],[Product Nature]],'Mapping code'!N:O,2,0)&"-"&VLOOKUP(Table4[[#This Row],[Category2]],'Mapping code'!Q:R,2,0)&"-"&Table4[[#This Row],[Seq]] -> #N/A | O68: =+LEN(Table4[[#This Row],[New Item Code]]) -> #N/A | P68: MP0100 | Q68: Spare parts | S68: Spare parts ABB | T68: ABB
... A108: ABBFX-052 | B108: Valve block ES 06-08-38 (A B P T ) | C108: Normal Spares-NS | D108: 0 | E108: Yes | F108: 0 | G108: =Table4[[#This Row],[Item Cost]]*Table4[[#This Row],[In Stock]] -> 0 | H108: Spare Parts | I108: Normal Spares | J108: ABB | K108: Common | L108: Common | M108: =IF(LEN(COUNTIFS($H$1:H108,$H108,$I$1:I108,$I108,$J$1:J108,$J108,$K$1:K108,K108,$L$1:L108,L108))=1,"00"&COUNTIFS($H$1:H108,$H108,$I$1:I108,$I108,$J$1:J108,$J108,$K$1:K108,K108,$L$1:L108,L108),IF(LEN(COUNTIFS($H$1:H108,$H108,$I$1:I108,$I108,$J$1:J108,$J108,$K$1:K108,K108,$L$1:L108,L108))=2,"0"&COUNTIFS($H$1:H108,$H108,$I$1:I108,$I108,$J$1:J108,$J108,$K$1:K108,K108,$L$1:L108,L108),COUNTIFS($H$1:H108,$H108,$I$1:I108,$I108,$J$1:J108,$J108,$K$1:K108,K108,$L$1:L108,L108))) -> 054 | N108: =VLOOKUP(Table4[[#This Row],[Department]],'Mapping code'!A:B,2,0)&"-"&VLOOKUP(Table4[[#This Row],[Category]],'Mapping code'!E:F,2,0)&"-"&VLOOKUP(Table4[[#This Row],[Machine]],'Mapping code'!I:J,2,0)&"-"&VLOOKUP(Table4[[#This Row],[Product Nature]],'Mapping code'!N:O,2,0)&"-"&VLOOKUP(Table4[[#This Row],[Category2]],'Mapping code'!Q:R,2,0)&"-"&Table4[[#This Row],[Seq]] -> #N/A | O108: =+LEN(Table4[[#This Row],[New Item Code]]) -> #N/A | P108: MP0100 | Q108: Spare parts | S108: Spare parts ABB | T108: ABB
A109: ALV-0001 | B109: OW46719 | C109: Normal Spares-NS | D109: 130 | E109: No | F109: 1 | G109: =Table4[[#This Row],[Item Cost]]*Table4[[#This Row],[In Stock]] -> 130 | H109: Spare Parts | I109: Normal Spares | J109: Saw | K109: Common | L109: Common | M109: =IF(LEN(COUNTIFS($H$1:H109,$H109,$I$1:I109,$I109,$J$1:J109,$J109,$K$1:K109,K109,$L$1:L109,L109))=1,"00"&COUNTIFS($H$1:H109,$H109,$I$1:I109,$I109,$J$1:J109,$J109,$K$1:K109,K109,$L$1:L109,L109),IF(LEN(COUNTIFS($H$1:H109,$H109,$I$1:I109,$I109,$J$1:J109,$J109,$K$1:K109,K109,$L$1:L109,L109))=2,"0"&COUNTIFS($H$1:H109,$H109,$I$1:I109,$I109,$J$1:J109,$J109,$K$1:K109,K109,$L$1:L109,L109),COUNTIFS($H$1:H109,$H109,$I$1:I109,$I109,$J$1:J109,$J109,$K$1:K109,K109,$L$1:L109,L109))) -> 001 | N109: =VLOOKUP(Table4[[#This Row],[Department]],'Mapping code'!A:B,2,0)&"-"&VLOOKUP(Table4[[#This Row],[Category]],'Mapping code'!E:F,2,0)&"-"&VLOOKUP(Table4[[#This Row],[Machine]],'Mapping code'!I:J,2,0)&"-"&VLOOKUP(Table4[[#This Row],[Product Nature]],'Mapping code'!N:O,2,0)&"-"&VLOOKUP(Table4[[#This Row],[Category2]],'Mapping code'!Q:R,2,0)&"-"&Table4[[#This Row],[Seq]] -> #N/A | O109: =+LEN(Table4[[#This Row],[New Item Code]]) -> #N/A | P109: MP0100 | Q109: Spare parts | T109: Saw
A110: ALV-0002 | B110: OW46718 | C110: Normal Spares-NS | D110: 130 | E110: No | F110: 1 | G110: =Table4[[#This Row],[Item Cost]]*Table4[[#This Row],[In Stock]] -> 130 | H110: Spare Parts | I110: Normal Spares | J110: Saw | K110: Common | L110: Common | M110: =IF(LEN(COUNTIFS($H$1:H110,$H110,$I$1:I110,$I110,$J$1:J110,$J110,$K$1:K110,K110,$L$1:L110,L110))=1,"00"&COUNTIFS($H$1:H110,$H110,$I$1:I110,$I110,$J$1:J110,$J110,$K$1:K110,K110,$L$1:L110,L110),IF(LEN(COUNTIFS($H$1:H110,$H110,$I$1:I110,$I110,$J$1:J110,$J110,$K$1:K110,K110,$L$1:L110,L110))=2,"0"&COUNTIFS($H$1:H110,$H110,$I$1:I110,$I110,$J$1:J110,$J110,$K$1:K110,K110,$L$1:L110,L110),COUNTIFS($H$1:H110,$H110,$I$1:I110,$I110,$J$1:J110,$J110,$K$1:K110,K110,$L$1:L110,L110))) -> 002 | N110: =VLOOKUP(Table4[[#This Row],[Department]],'Mapping code'!A:B,2,0)&"-"&VLOOKUP(Table4[[#This Row],[Category]],'Mapping code'!E:F,2,0)&"-"&VLOOKUP(Table4[[#This Row],[Machine]],'Mapping code'!I:J,2,0)&"-"&VLOOKUP(Table4[[#This Row],[Product Nature]],'Mapping code'!N:O,2,0)&"-"&VLOOKUP(Table4[[#This Row],[Category2]],'Mapping code'!Q:R,2,0)&"-"&Table4[[#This Row],[Seq]] -> #N/A | O110: =+LEN(Table4[[#This Row],[New Item Code]]) -> #N/A | P110: MP0100 | Q110: Spare parts | T110: Saw
A111: ALV-0003 | B111: CLAMPING CYLINDER | C111: Normal Spares-NS | D111: 1100 | E111: No | F111: 0 | G111: =Table4[[#This Row],[Item Cost]]*Table4[[#This Row],[In Stock]] -> 0 | H111: Spare Parts | I111: Normal Spares | J111: Saw | K111: Common | L111: Common | M111: =IF(LEN(COUNTIFS($H$1:H111,$H111,$I$1:I111,$I111,$J$1:J111,$J111,$K$1:K111,K111,$L$1:L111,L111))=1,"00"&COUNTIFS($H$1:H111,$H111,$I$1:I111,$I111,$J$1:J111,$J111,$K$1:K111,K111,$L$1:L111,L111),IF(LEN(COUNTIFS($H$1:H111,$H111,$I$1:I111,$I111,$J$1:J111,$J111,$K$1:K111,K111,$L$1:L111,L111))=2,"0"&COUNTIFS($H$1:H111,$H111,$I$1:I111,$I111,$J$1:J111,$J111,$K$1:K111,K111,$L$1:L111,L111),COUNTIFS($H$1:H111,$H111,$I$1:I111,$I111,$J$1:J111,$J111,$K$1:K111,K111,$L$1:L111,L111))) -> 003 | N111: =VLOOKUP(Table4[[#This Row],[Department]],'Mapping code'!A:B,2,0)&"-"&VLOOKUP(Table4[[#This Row],[Category]],'Mapping code'!E:F,2,0)&"-"&VLOOKUP(Table4[[#This Row],[Machine]],'Mapping code'!I:J,2,0)&"-"&VLOOKUP(Table4[[#This Row],[Product Nature]],'Mapping code'!N:O,2,0)&"-"&VLOOKUP(Table4[[#This Row],[Category2]],'Mapping code'!Q:R,2,0)&"-"&Table4[[#This Row],[Seq]] -> #N/A | O111: =+LEN(Table4[[#This Row],[New Item Code]]) -> #N/A | P111: MP0100 | Q111: Spare parts | T111: Saw
A112: ALV-0004 | B112: 60308158 | C112: Normal Spares-NS | D112: 350 | E112: No | F112: 0 | G112: =Table4[[#This Row],[Item Cost]]*Table4[[#This Row],[In Stock]] -> 0 | H112: Spare Parts | I112: Normal Spares | J112: Saw | K112: Common | L112: Common | M112: =IF(LEN(COUNTIFS($H$1:H112,$H112,$I$1:I112,$I112,$J$1:J112,$J112,$K$1:K112,K112,$L$1:L112,L112))=1,"00"&COUNTIFS($H$1:H112,$H112,$I$1:I112,$I112,$J$1:J112,$J112,$K$1:K112,K112,$L$1:L112,L112),IF(LEN(COUNTIFS($H$1:H112,$H112,$I$1:I112,$I112,$J$1:J112,$J112,$K$1:K112,K112,$L$1:L112,L112))=2,"0"&COUNTIFS($H$1:H112,$H112,$I$1:I112,$I112,$J$1:J112,$J112,$K$1:K112,K112,$L$1:L112,L112),COUNTIFS($H$1:H112,$H112,$I$1:I112,$I112,$J$1:J112,$J112,$K$1:K112,K112,$L$1:L112,L112))) -> 004 | N112: =VLOOKUP(Table4[[#This Row],[Department]],'Mapping code'!A:B,2,0)&"-"&VLOOKUP(Table4[[#This Row],[Category]],'Mapping code'!E:F,2,0)&"-"&VLOOKUP(Table4[[#This Row],[Machine]],'Mapping code'!I:J,2,0)&"-"&VLOOKUP(Table4[[#This Row],[Product Nature]],'Mapping code'!N:O,2,0)&"-"&VLOOKUP(Table4[[#This Row],[Category2]],'Mapping code'!Q:R,2,0)&"-"&Table4[[#This Row],[Seq]] -> #N/A | O112: =+LEN(Table4[[#This Row],[New Item Code]]) -> #N/A | P112: MP0100 | Q112: Spare parts | T112: Saw
A113: ALV-0005 | B113: HOOD STRIPS | C113: Normal Spares-NS | D113: 2400 | E113: No | F113: 0 | G113: =Table4[[#This Row],[Item Cost]]*Table4[[#This Row],[In Stock]] -> 0 | H113: Spare Parts | I113: Normal Spares | J113: Saw | K113: Common | L113: Common | M113: =IF(LEN(COUNTIFS($H$1:H113,$H113,$I$1:I113,$I113,$J$1:J113,$J113,$K$1:K113,K113,$L$1:L113,L113))=1,"00"&COUNTIFS($H$1:H113,$H113,$I$1:I113,$I113,$J$1:J113,$J113,$K$1:K113,K113,$L$1:L113,L113),IF(LEN(COUNTIFS($H$1:H113,$H113,$I$1:I113,$I113,$J$1:J113,$J113,$K$1:K113,K113,$L$1:L113,L113))=2,"0"&COUNTIFS($H$1:H113,$H113,$I$1:I113,$I113,$J$1:J113,$J113,$K$1:K113,K113,$L$1:L113,L113),COUNTIFS($H$1:H113,$H113,$I$1:I113,$I113,$J$1:J113,$J113,$K$1:K113,K113,$L$1:L113,L113))) -> 005 | N113: =VLOOKUP(Table4[[#This Row],[Department]],'Mapping code'!A:B,2,0)&"-"&VLOOKUP(Table4[[#This Row],[Category]],'Mapping code'!E:F,2,0)&"-"&VLOOKUP(Table4[[#This Row],[Machine]],'Mapping code'!I:J,2,0)&"-"&VLOOKUP(Table4[[#This Row],[Product Nature]],'Mapping code'!N:O,2,0)&"-"&VLOOKUP(Table4[[#This Row],[Category2]],'Mapping code'!Q:R,2,0)&"-"&Table4[[#This Row],[Seq]] -> #N/A | O113: =+LEN(Table4[[#This Row],[New Item Code]]) -> #N/A | P113: MP0100 | Q113: Spare parts | T113: Saw
A114: ALV-0006 | B114: LIMIT SWITCH FM 515-M2 | C114: Normal Spares-NS | D114: 350 | E114: No | F114: 0 | G114: =Table4[[#This Row],[Item Cost]]*Table4[[#This Row],[In Stock]] -> 0 | H114: Spare Parts | I114: Normal Spares | J114: Saw | K114: Common | L114: Common | M114: =IF(LEN(COUNTIFS($H$1:H114,$H114,$I$1:I114,$I114,$J$1:J114,$J114,$K$1:K114,K114,$L$1:L114,L114))=1,"00"&COUNTIFS($H$1:H114,$H114,$I$1:I114,$I114,$J$1:J114,$J114,$K$1:K114,K114,$L$1:L114,L114),IF(LEN(COUNTIFS($H$1:H114,$H114,$I$1:I114,$I114,$J$1:J114,$J114,$K$1:K114,K114,$L$1:L114,L114))=2,"0"&COUNTIFS($H$1:H114,$H114,$I$1:I114,$I114,$J$1:J114,$J114,$K$1:K114,K114,$L$1:L114,L114),COUNTIFS($H$1:H114,$H114,$I$1:I114,$I114,$J$1:J114,$J114,$K$1:K114,K114,$L$1:L114,L114))) -> 006 | N114: =VLOOKUP(Table4[[#This Row],[Department]],'Mapping code'!A:B,2,0)&"-"&VLOOKUP(Table4[[#This Row],[Category]],'Mapping code'!E:F,2,0)&"-"&VLOOKUP(Table4[[#This Row],[Machine]],'Mapping code'!I:J,2,0)&"-"&VLOOKUP(Table4[[#This Row],[Product Nature]],'Mapping code'!N:O,2,0)&"-"&VLOOKUP(Table4[[#This Row],[Category2]],'Mapping code'!Q:R,2,0)&"-"&Table4[[#This Row],[Seq]] -> #N/A | O114: =+LEN(Table4[[#This Row],[New Item Code]]) -> #N/A | P114: MP0100 | Q114: Spare parts | T114: Saw
A115: ALV-0007 | B115: BREAKER AA74393 | C115: Normal Spares-NS | D115: 850 | E115: No | F115: 0 | G115: =Table4[[#This Row],[Item Cost]]*Table4[[#This Row],[In Stock]] -> 0 | H115: Spare Parts | I115: Normal Spares | J115: Saw | K115: Common | L115: Common | M115: =IF(LEN(COUNTIFS($H$1:H115,$H115,$I$1:I115,$I115,$J$1:J115,$J115,$K$1:K115,K115,$L$1:L115,L115))=1,"00"&COUNTIFS($H$1:H115,$H115,$I$1:I115,$I115,$J$1:J115,$J115,$K$1:K115,K115,$L$1:L115,L115),IF(LEN(COUNTIFS($H$1:H115,$H115,$I$1:I115,$I115,$J$1:J115,$J115,$K$1:K115,K115,$L$1:L115,L115))=2,"0"&COUNTIFS($H$1:H115,$H115,$I$1:I115,$I115,$J$1:J115,$J115,$K$1:K115,K115,$L$1:L115,L115),COUNTIFS($H$1:H115,$H115,$I$1:I115,$I115,$J$1:J115,$J115,$K$1:K115,K115,$L$1:L115,L115))) -> 007 | N115: =VLOOKUP(Table4[[#This Row],[Department]],'Mapping code'!A:B,2,0)&"-"&VLOOKUP(Table4[[#This Row],[Category]],'Mapping code'!E:F,2,0)&"-"&VLOOKUP(Table4[[#This Row],[Machine]],'Mapping code'!I:J,2,0)&"-"&VLOOKUP(Table4[[#This Row],[Product Nature]],'Mapping code'!N:O,2,0)&"-"&VLOOKUP(Table4[[#This Row],[Category2]],'Mapping code'!Q:R,2,0)&"-"&Table4[[#This Row],[Seq]] -> #N/A | O115: =+LEN(Table4[[#This Row],[New Item Code]]) -> #N/A | P115: MP0100 | Q115: Spare parts | T115: Saw
A116: ALV-0008 | B116: FITTINGS REGULATOR BT 711975 | C116: Normal Spares-NS | D116: 350 | E116: No | F116: 1 | G116: =Table4[[#This Row],[Item Cost]]*Table4[[#This Row],[In Stock]] -> 350 | H116: Spare Parts | I116: Normal Spares | J116: Saw | K116: Common | L116: Common | M116: =IF(LEN(COUNTIFS($H$1:H116,$H116,$I$1:I116,$I116,$J$1:J116,$J116,$K$1:K116,K116,$L$1:L116,L116))=1,"00"&COUNTIFS($H$1:H116,$H116,$I$1:I116,$I116,$J$1:J116,$J116,$K$1:K116,K116,$L$1:L116,L116),IF(LEN(COUNTIFS($H$1:H116,$H116,$I$1:I116,$I116,$J$1:J116,$J116,$K$1:K116,K116,$L$1:L116,L116))=2,"0"&COUNTIFS($H$1:H116,$H116,$I$1:I116,$I116,$J$1:J116,$J116,$K$1:K116,K116,$L$1:L116,L116),COUNTIFS($H$1:H116,$H116,$I$1:I116,$I116,$J$1:J116,$J116,$K$1:K116,K116,$L$1:L116,L116))) -> 008 | N116: =VLOOKUP(Table4[[#This Row],[Department]],'Mapping code'!A:B,2,0)&"-"&VLOOKUP(Table4[[#This Row],[Category]],'Mapping code'!E:F,2,0)&"-"&VLOOKUP(Table4[[#This Row],[Machine]],'Mapping code'!I:J,2,0)&"-"&VLOOKUP(Table4[[#This Row],[Product Nature]],'Mapping code'!N:O,2,0)&"-"&VLOOKUP(Table4[[#This Row],[Category2]],'Mapping code'!Q:R,2,0)&"-"&Table4[[#This Row],[Seq]] -> #N/A | O116: =+LEN(Table4[[#This Row],[New Item Code]]) -> #N/A | P116: MP0100 | Q116: Spare parts | T116: Saw
A117: ALV-0009 | B117: FITTINGS REGULATOR BT 711974 | C117: Normal Spares-NS | D117: 350 | E117: No | F117: 1 | G117: =Table4[[#This Row],[Item Cost]]*Table4[[#This Row],[In Stock]] -> 350 | H117: Spare Parts | I117: Normal Spares | J117: Saw | K117: Common | L117: Common | M117: =IF(LEN(COUNTIFS($H$1:H117,$H117,$I$1:I117,$I117,$J$1:J117,$J117,$K$1:K117,K117,$L$1:L117,L117))=1,"00"&COUNTIFS($H$1:H117,$H117,$I$1:I117,$I117,$J$1:J117,$J117,$K$1:K117,K117,$L$1:L117,L117),IF(LEN(COUNTIFS($H$1:H117,$H117,$I$1:I117,$I117,$J$1:J117,$J117,$K$1:K117,K117,$L$1:L117,L117))=2,"0"&COUNTIFS($H$1:H117,$H117,$I$1:I117,$I117,$J$1:J117,$J117,$K$1:K117,K117,$L$1:L117,L117),COUNTIFS($H$1:H117,$H117,$I$1:I117,$I117,$J$1:J117,$J117,$K$1:K117,K117,$L$1:L117,L117))) -> 009 | N117: =VLOOKUP(Table4[[#This Row],[Department]],'Mapping code'!A:B,2,0)&"-"&VLOOKUP(Table4[[#This Row],[Category]],'Mapping code'!E:F,2,0)&"-"&VLOOKUP(Table4[[#This Row],[Machine]],'Mapping code'!I:J,2,0)&"-"&VLOOKUP(Table4[[#This Row],[Product Nature]],'Mapping code'!N:O,2,0)&"-"&VLOOKUP(Table4[[#This Row],[Category2]],'Mapping code'!Q:R,2,0)&"-"&Table4[[#This Row],[Seq]] -> #N/A | O117: =+LEN(Table4[[#This Row],[New Item Code]]) -> #N/A | P117: MP0100 | Q117: Spare parts | T117: Saw
A118: ALV-0010 | B118: BREAKER AA74142 | C118: Normal Spares-NS | D118: 250 | E118: No | F118: 0 | G118: =Table4[[#This Row],[Item Cost]]*Table4[[#This Row],[In Stock]] -> 0 | H118: Spare Parts | I118: Normal Spares | J118: Saw | K118: Common | L118: Common | M118: =IF(LEN(COUNTIFS($H$1:H118,$H118,$I$1:I118,$I118,$J$1:J118,$J118,$K$1:K118,K118,$L$1:L118,L118))=1,"00"&COUNTIFS($H$1:H118,$H118,$I$1:I118,$I118,$J$1:J118,$J118,$K$1:K118,K118,$L$1:L118,L118),IF(LEN(COUNTIFS($H$1:H118,$H118,$I$1:I118,$I118,$J$1:J118,$J118,$K$1:K118,K118,$L$1:L118,L118))=2,"0"&COUNTIFS($H$1:H118,$H118,$I$1:I118,$I118,$J$1:J118,$J118,$K$1:K118,K118,$L$1:L118,L118),COUNTIFS($H$1:H118,$H118,$I$1:I118,$I118,$J$1:J118,$J118,$K$1:K118,K118,$L$1:L118,L118))) -> 010 | N118: =VLOOKUP(Table4[[#This Row],[Department]],'Mapping code'!A:B,2,0)&"-"&VLOOKUP(Table4[[#This Row],[Category]],'Mapping code'!E:F,2,0)&"-"&VLOOKUP(Table4[[#This Row],[Machine]],'Mapping code'!I:J,2,0)&"-"&VLOOKUP(Table4[[#This Row],[Product Nature]],'Mapping code'!N:O,2,0)&"-"&VLOOKUP(Table4[[#This Row],[Category2]],'Mapping code'!Q:R,2,0)&"-"&Table4[[#This Row],[Seq]] -> #N/A | O118: =+LEN(Table4[[#This Row],[New Item Code]]) -> #N/A | P118: MP0100 | Q118: Spare parts | T118: Saw
A119: ALV-0011 | B119: HEAD MOTOR BK29146 | C119: Normal Spares-NS | D119: 6500 | E119: No | F119: 1 | G119: =Table4[[#This Row],[Item Cost]]*Table4[[#This Row],[In Stock]] -> 6500 | H119: Spare Parts | I119: Normal Spares | J119: Saw | K119: Common | L119: Common | M119: =IF(LEN(COUNTIFS($H$1:H119,$H119,$I$1:I119,$I119,$J$1:J119,$J119,$K$1:K119,K119,$L$1:L119,L119))=1,"00"&COUNTIFS($H$1:H119,$H119,$I$1:I119,$I119,$J$1:J119,$J119,$K$1:K119,K119,$L$1:L119,L119),IF(LEN(COUNTIFS($H$1:H119,$H119,$I$1:I119,$I119,$J$1:J119,$J119,$K$1:K119,K119,$L$1:L119,L119))=2,"0"&COUNTIFS($H$1:H119,$H119,$I$1:I119,$I119,$J$1:J119,$J119,$K$1:K119,K119,$L$1:L119,L119),COUNTIFS($H$1:H119,$H119,$I$1:I119,$I119,$J$1:J119,$J119,$K$1:K119,K119,$L$1:L119,L119))) -> 011 | N119: =VLOOKUP(Table4[[#This Row],[Department]],'Mapping code'!A:B,2,0)&"-"&VLOOKUP(Table4[[#This Row],[Category]],'Mapping code'!E:F,2,0)&"-"&VLOOKUP(Table4[[#This Row],[Machine]],'Mapping code'!I:J,2,0)&"-"&VLOOKUP(Table4[[#This Row],[Product Nature]],'Mapping code'!N:O,2,0)&"-"&VLOOKUP(Table4[[#This Row],[Category2]],'Mapping code'!Q:R,2,0)&"-"&Table4[[#This Row],[Seq]] -> #N/A | O119: =+LEN(Table4[[#This Row],[New Item Code]]) -> #N/A | P119: MP0100 | Q119: Spare parts | T119: Saw
A120: ALV-0012 | B120: BLADE UNIT BK28869 | C120: Normal Spares-NS | D120: 850 | E120: No | F120: 1 | G120: =Table4[[#This Row],[Item Cost]]*Table4[[#This Row],[In Stock]] -> 850 | H120: Spare Parts | I120: Normal Spares | J120: Saw | K120: Common | L120: Common | M120: =IF(LEN(COUNTIFS($H$1:H120,$H120,$I$1:I120,$I120,$J$1:J120,$J120,$K$1:K120,K120,$L$1:L120,L120))=1,"00"&COUNTIFS($H$1:H120,$H120,$I$1:I120,$I120,$J$1:J120,$J120,$K$1:K120,K120,$L$1:L120,L120),IF(LEN(COUNTIFS($H$1:H120,$H120,$I$1:I120,$I120,$J$1:J120,$J120,$K$1:K120,K120,$L$1:L120,L120))=2,"0"&COUNTIFS($H$1:H120,$H120,$I$1:I120,$I120,$J$1:J120,$J120,$K$1:K120,K120,$L$1:L120,L120),COUNTIFS($H$1:H120,$H120,$I$1:I120,$I120,$J$1:J120,$J120,$K$1:K120,K120,$L$1:L120,L120))) -> 012 | N120: =VLOOKUP(Table4[[#This Row],[Department]],'Mapping code'!A:B,2,0)&"-"&VLOOKUP(Table4[[#This Row],[Category]],'Mapping code'!E:F,2,0)&"-"&VLOOKUP(Table4[[#This Row],[Machine]],'Mapping code'!I:J,2,0)&"-"&VLOOKUP(Table4[[#This Row],[Product Nature]],'Mapping code'!N:O,2,0)&"-"&VLOOKUP(Table4[[#This Row],[Category2]],'Mapping code'!Q:R,2,0)&"-"&Table4[[#This Row],[Seq]] -> #N/A | O120: =+LEN(Table4[[#This Row],[New Item Code]]) -> #N/A | P120: MP0100 | Q120: Spare parts | T120: Saw
A121: ALV-0013 | B121: OW 300695 | C121: Normal Spares-NS | D121: 350 | E121: No | F121: 0 | G121: =Table4[[#This Row],[Item Cost]]*Table4[[#This Row],[In Stock]] -> 0 | H121: Spare Parts | I121: Normal Spares | J121: Saw | K121: Common | L121: Common | M121: =IF(LEN(COUNTIFS($H$1:H121,$H121,$I$1:I121,$I121,$J$1:J121,$J121,$K$1:K121,K121,$L$1:L121,L121))=1,"00"&COUNTIFS($H$1:H121,$H121,$I$1:I121,$I121,$J$1:J121,$J121,$K$1:K121,K121,$L$1:L121,L121),IF(LEN(COUNTIFS($H$1:H121,$H121,$I$1:I121,$I121,$J$1:J121,$J121,$K$1:K121,K121,$L$1:L121,L121))=2,"0"&COUNTIFS($H$1:H121,$H121,$I$1:I121,$I121,$J$1:J121,$J121,$K$1:K121,K121,$L$1:L121,L121),COUNTIFS($H$1:H121,$H121,$I$1:I121,$I121,$J$1:J121,$J121,$K$1:K121,K121,$L$1:L121,L121))) -> 013 | N121: =VLOOKUP(Table4[[#This Row],[Department]],'Mapping code'!A:B,2,0)&"-"&VLOOKUP(Table4[[#This Row],[Category]],'Mapping code'!E:F,2,0)&"-"&VLOOKUP(Table4[[#This Row],[Machine]],'Mapping code'!I:J,2,0)&"-"&VLOOKUP(Table4[[#This Row],[Product Nature]],'Mapping code'!N:O,2,0)&"-"&VLOOKUP(Table4[[#This Row],[Category2]],'Mapping code'!Q:R,2,0)&"-"&Table4[[#This Row],[Seq]] -> #N/A | O121: =+LEN(Table4[[#This Row],[New Item Code]]) -> #N/A | P121: MP0100 | Q121: Spare parts | T121: Saw
A122: ALV-0014 | B122: BT74028 | C122: Normal Spares-NS | D122: 355 | E122: No | F122: 0 | G122: =Table4[[#This Row],[Item Cost]]*Table4[[#This Row],[In Stock]] -> 0 | H122: Spare Parts | I122: Normal Spares | J122: Saw | K122: Common | L122: Common | M122: =IF(LEN(COUNTIFS($H$1:H122,$H122,$I$1:I122,$I122,$J$1:J122,$J122,$K$1:K122,K122,$L$1:L122,L122))=1,"00"&COUNTIFS($H$1:H122,$H122,$I$1:I122,$I122,$J$1:J122,$J122,$K$1:K122,K122,$L$1:L122,L122),IF(LEN(COUNTIFS($H$1:H122,$H122,$I$1:I122,$I122,$J$1:J122,$J122,$K$1:K122,K122,$L$1:L122,L122))=2,"0"&COUNTIFS($H$1:H122,$H122,$I$1:I122,$I122,$J$1:J122,$J122,$K$1:K122,K122,$L$1:L122,L122),COUNTIFS($H$1:H122,$H122,$I$1:I122,$I122,$J$1:J122,$J122,$K$1:K122,K122,$L$1:L122,L122))) -> 014 | N122: =VLOOKUP(Table4[[#This Row],[Department]],'Mapping code'!A:B,2,0)&"-"&VLOOKUP(Table4[[#This Row],[Category]],'Mapping code'!E:F,2,0)&"-"&VLOOKUP(Table4[[#This Row],[Machine]],'Mapping code'!I:J,2,0)&"-"&VLOOKUP(Table4[[#This Row],[Product Nature]],'Mapping code'!N:O,2,0)&"-"&VLOOKUP(Table4[[#This Row],[Category2]],'Mapping code'!Q:R,2,0)&"-"&Table4[[#This Row],[Seq]] -> #N/A | O122: =+LEN(Table4[[#This Row],[New Item Code]]) -> #N/A | P122: MP0100 | Q122: Spare parts | T122: Saw
A123: ALV-0015 | B123: CH70357 | C123: Normal Spares-NS | D123: 280 | E123: No | F123: 0 | G123: =Table4[[#This Row],[Item Cost]]*Table4[[#This Row],[In Stock]] -> 0 | H123: Spare Parts | I123: Normal Spares | J123: Saw | K123: Common | L123: Common | M123: =IF(LEN(COUNTIFS($H$1:H123,$H123,$I$1:I123,$I123,$J$1:J123,$J123,$K$1:K123,K123,$L$1:L123,L123))=1,"00"&COUNTIFS($H$1:H123,$H123,$I$1:I123,$I123,$J$1:J123,$J123,$K$1:K123,K123,$L$1:L123,L123),IF(LEN(COUNTIFS($H$1:H123,$H123,$I$1:I123,$I123,$J$1:J123,$J123,$K$1:K123,K123,$L$1:L123,L123))=2,"0"&COUNTIFS($H$1:H123,$H123,$I$1:I123,$I123,$J$1:J123,$J123,$K$1:K123,K123,$L$1:L123,L123),COUNTIFS($H$1:H123,$H123,$I$1:I123,$I123,$J$1:J123,$J123,$K$1:K123,K123,$L$1:L123,L123))) -> 015 | N123: =VLOOKUP(Table4[[#This Row],[Department]],'Mapping code'!A:B,2,0)&"-"&VLOOKUP(Table4[[#This Row],[Category]],'Mapping code'!E:F,2,0)&"-"&VLOOKUP(Table4[[#This Row],[Machine]],'Mapping code'!I:J,2,0)&"-"&VLOOKUP(Table4[[#This Row],[Product Nature]],'Mapping code'!N:O,2,0)&"-"&VLOOKUP(Table4[[#This Row],[Category2]],'Mapping code'!Q:R,2,0)&"-"&Table4[[#This Row],[Seq]] -> #N/A | O123: =+LEN(Table4[[#This Row],[New Item Code]]) -> #N/A | P123: MP0100 | Q123: Spare parts | T123: Saw
A124: ALV-0016 | B124: BT710567 | C124: Normal Spares-NS | D124: 280 | E124: No | F124: 0 | G124: =Table4[[#This Row],[Item Cost]]*Table4[[#This Row],[In Stock]] -> 0 | H124: Spare Parts | I124: Normal Spares | J124: Saw | K124: Common | L124: Common | M124: =IF(LEN(COUNTIFS($H$1:H124,$H124,$I$1:I124,$I124,$J$1:J124,$J124,$K$1:K124,K124,$L$1:L124,L124))=1,"00"&COUNTIFS($H$1:H124,$H124,$I$1:I124,$I124,$J$1:J124,$J124,$K$1:K124,K124,$L$1:L124,L124),IF(LEN(COUNTIFS($H$1:H124,$H124,$I$1:I124,$I124,$J$1:J124,$J124,$K$1:K124,K124,$L$1:L124,L124))=2,"0"&COUNTIFS($H$1:H124,$H124,$I$1:I124,$I124,$J$1:J124,$J124,$K$1:K124,K124,$L$1:L124,L124),COUNTIFS($H$1:H124,$H124,$I$1:I124,$I124,$J$1:J124,$J124,$K$1:K124,K124,$L$1:L124,L124))) -> 016 | N124: =VLOOKUP(Table4[[#This Row],[Department]],'Mapping code'!A:B,2,0)&"-"&VLOOKUP(Table4[[#This Row],[Category]],'Mapping code'!E:F,2,0)&"-"&VLOOKUP(Table4[[#This Row],[Machine]],'Mapping code'!I:J,2,0)&"-"&VLOOKUP(Table4[[#This Row],[Product Nature]],'Mapping code'!N:O,2,0)&"-"&VLOOKUP(Table4[[#This Row],[Category2]],'Mapping code'!Q:R,2,0)&"-"&Table4[[#This Row],[Seq]] -> #N/A | O124: =+LEN(Table4[[#This Row],[New Item Code]]) -> #N/A | P124: MP0100 | Q124: Spare parts | T124: Saw
... A129: ALV-0021 | B129: BLADE 500 X 32 | C129: Normal Spares-NS | D129: 850 | E129: No | F129: 1 | G129: =Table4[[#This Row],[Item Cost]]*Table4[[#This Row],[In Stock]] -> 850 | H129: Spare Parts | I129: Normal Spares | J129: Saw | K129: Common | L129: Common | M129: =IF(LEN(COUNTIFS($H$1:H129,$H129,$I$1:I129,$I129,$J$1:J129,$J129,$K$1:K129,K129,$L$1:L129,L129))=1,"00"&COUNTIFS($H$1:H129,$H129,$I$1:I129,$I129,$J$1:J129,$J129,$K$1:K129,K129,$L$1:L129,L129),IF(LEN(COUNTIFS($H$1:H129,$H129,$I$1:I129,$I129,$J$1:J129,$J129,$K$1:K129,K129,$L$1:L129,L129))=2,"0"&COUNTIFS($H$1:H129,$H129,$I$1:I129,$I129,$J$1:J129,$J129,$K$1:K129,K129,$L$1:L129,L129),COUNTIFS($H$1:H129,$H129,$I$1:I129,$I129,$J$1:J129,$J129,$K$1:K129,K129,$L$1:L129,L129))) -> 021 | N129: =VLOOKUP(Table4[[#This Row],[Department]],'Mapping code'!A:B,2,0)&"-"&VLOOKUP(Table4[[#This Row],[Category]],'Mapping code'!E:F,2,0)&"-"&VLOOKUP(Table4[[#This Row],[Machine]],'Mapping code'!I:J,2,0)&"-"&VLOOKUP(Table4[[#This Row],[Product Nature]],'Mapping code'!N:O,2,0)&"-"&VLOOKUP(Table4[[#This Row],[Category2]],'Mapping code'!Q:R,2,0)&"-"&Table4[[#This Row],[Seq]] -> #N/A | O129: =+LEN(Table4[[#This Row],[New Item Code]]) -> #N/A | P129: MP0100 | Q129: Spare parts | T129: Saw
A130: AW-0001 | B130: Heater Element | C130: Normal Spares-NS | D130: 0 | E130: No | F130: 0 | G130: =Table4[[#This Row],[Item Cost]]*Table4[[#This Row],[In Stock]] -> 0 | H130: Spare Parts | I130: Normal Spares | K130: Common | L130: Common | M130: =IF(LEN(COUNTIFS($H$1:H130,$H130,$I$1:I130,$I130,$J$1:J130,$J130,$K$1:K130,K130,$L$1:L130,L130))=1,"00"&COUNTIFS($H$1:H130,$H130,$I$1:I130,$I130,$J$1:J130,$J130,$K$1:K130,K130,$L$1:L130,L130),IF(LEN(COUNTIFS($H$1:H130,$H130,$I$1:I130,$I130,$J$1:J130,$J130,$K$1:K130,K130,$L$1:L130,L130))=2,"0"&COUNTIFS($H$1:H130,$H130,$I$1:I130,$I130,$J$1:J130,$J130,$K$1:K130,K130,$L$1:L130,L130),COUNTIFS($H$1:H130,$H130,$I$1:I130,$I130,$J$1:J130,$J130,$K$1:K130,K130,$L$1:L130,L130))) -> 000 | N130: =VLOOKUP(Table4[[#This Row],[Department]],'Mapping code'!A:B,2,0)&"-"&VLOOKUP(Table4[[#This Row],[Category]],'Mapping code'!E:F,2,0)&"-"&VLOOKUP(Table4[[#This Row],[Machine]],'Mapping code'!I:J,2,0)&"-"&VLOOKUP(Table4[[#This Row],[Product Nature]],'Mapping code'!N:O,2,0)&"-"&VLOOKUP(Table4[[#This Row],[Category2]],'Mapping code'!Q:R,2,0)&"-"&Table4[[#This Row],[Seq]] -> #N/A | O130: =+LEN(Table4[[#This Row],[New Item Code]]) -> #N/A | P130: MP0100 | Q130: Spare parts | T130: #N/A
A131: AW-0002 | B131: Temperature controller | C131: Normal Spares-NS | D131: 0 | E131: No | F131: 0 | G131: =Table4[[#This Row],[Item Cost]]*Table4[[#This Row],[In Stock]] -> 0 | H131: Spare Parts | I131: Normal Spares | K131: Common | L131: Common | M131: =IF(LEN(COUNTIFS($H$1:H131,$H131,$I$1:I131,$I131,$J$1:J131,$J131,$K$1:K131,K131,$L$1:L131,L131))=1,"00"&COUNTIFS($H$1:H131,$H131,$I$1:I131,$I131,$J$1:J131,$J131,$K$1:K131,K131,$L$1:L131,L131),IF(LEN(COUNTIFS($H$1:H131,$H131,$I$1:I131,$I131,$J$1:J131,$J131,$K$1:K131,K131,$L$1:L131,L131))=2,"0"&COUNTIFS($H$1:H131,$H131,$I$1:I131,$I131,$J$1:J131,$J131,$K$1:K131,K131,$L$1:L131,L131),COUNTIFS($H$1:H131,$H131,$I$1:I131,$I131,$J$1:J131,$J131,$K$1:K131,K131,$L$1:L131,L131))) -> 000 | N131: =VLOOKUP(Table4[[#This Row],[Department]],'Mapping code'!A:B,2,0)&"-"&VLOOKUP(Table4[[#This Row],[Category]],'Mapping code'!E:F,2,0)&"-"&VLOOKUP(Table4[[#This Row],[Machine]],'Mapping code'!I:J,2,0)&"-"&VLOOKUP(Table4[[#This Row],[Product Nature]],'Mapping code'!N:O,2,0)&"-"&VLOOKUP(Table4[[#This Row],[Category2]],'Mapping code'!Q:R,2,0)&"-"&Table4[[#This Row],[Seq]] -> #N/A | O131: =+LEN(Table4[[#This Row],[New Item Code]]) -> #N/A | P131: MP0100 | Q131: Spare parts | T131: #N/A
A132: AW-0003 | B132: Thermostat | C132: Normal Spares-NS | D132: 0 | E132: No | F132: 0 | G132: =Table4[[#This Row],[Item Cost]]*Table4[[#This Row],[In Stock]] -> 0 | H132: Spare Parts | I132: Normal Spares | K132: Common | L132: Common | M132: =IF(LEN(COUNTIFS($H$1:H132,$H132,$I$1:I132,$I132,$J$1:J132,$J132,$K$1:K132,K132,$L$1:L132,L132))=1,"00"&COUNTIFS($H$1:H132,$H132,$I$1:I132,$I132,$J$1:J132,$J132,$K$1:K132,K132,$L$1:L132,L132),IF(LEN(COUNTIFS($H$1:H132,$H132,$I$1:I132,$I132,$J$1:J132,$J132,$K$1:K132,K132,$L$1:L132,L132))=2,"0"&COUNTIFS($H$1:H132,$H132,$I$1:I132,$I132,$J$1:J132,$J132,$K$1:K132,K132,$L$1:L132,L132),COUNTIFS($H$1:H132,$H132,$I$1:I132,$I132,$J$1:J132,$J132,$K$1:K132,K132,$L$1:L132,L132))) -> 000 | N132: =VLOOKUP(Table4[[#This Row],[Department]],'Mapping code'!A:B,2,0)&"-"&VLOOKUP(Table4[[#This Row],[Category]],'Mapping code'!E:F,2,0)&"-"&VLOOKUP(Table4[[#This Row],[Machine]],'Mapping code'!I:J,2,0)&"-"&VLOOKUP(Table4[[#This Row],[Product Nature]],'Mapping code'!N:O,2,0)&"-"&VLOOKUP(Table4[[#This Row],[Category2]],'Mapping code'!Q:R,2,0)&"-"&Table4[[#This Row],[Seq]] -> #N/A | O132: =+LEN(Table4[[#This Row],[New Item Code]]) -> #N/A | P132: MP0100 | Q132: Spare parts | T132: #N/A
A133: AW-0004 | B133: Solinoid valve | C133: Normal Spares-NS | D133: 0 | E133: No | F133: 0 | G133: =Table4[[#This Row],[Item Cost]]*Table4[[#This Row],[In Stock]] -> 0 | H133: Spare Parts | I133: Normal Spares | K133: Common | L133: Common | M133: =IF(LEN(COUNTIFS($H$1:H133,$H133,$I$1:I133,$I133,$J$1:J133,$J133,$K$1:K133,K133,$L$1:L133,L133))=1,"00"&COUNTIFS($H$1:H133,$H133,$I$1:I133,$I133,$J$1:J133,$J133,$K$1:K133,K133,$L$1:L133,L133),IF(LEN(COUNTIFS($H$1:H133,$H133,$I$1:I133,$I133,$J$1:J133,$J133,$K$1:K133,K133,$L$1:L133,L133))=2,"0"&COUNTIFS($H$1:H133,$H133,$I$1:I133,$I133,$J$1:J133,$J133,$K$1:K133,K133,$L$1:L133,L133),COUNTIFS($H$1:H133,$H133,$I$1:I133,$I133,$J$1:J133,$J133,$K$1:K133,K133,$L$1:L133,L133))) -> 000 | N133: =VLOOKUP(Table4[[#This Row],[Department]],'Mapping code'!A:B,2,0)&"-"&VLOOKUP(Table4[[#This Row],[Category]],'Mapping code'!E:F,2,0)&"-"&VLOOKUP(Table4[[#This Row],[Machine]],'Mapping code'!I:J,2,0)&"-"&VLOOKUP(Table4[[#This Row],[Product Nature]],'Mapping code'!N:O,2,0)&"-"&VLOOKUP(Table4[[#This Row],[Category2]],'Mapping code'!Q:R,2,0)&"-"&Table4[[#This Row],[Seq]] -> #N/A | O133: =+LEN(Table4[[#This Row],[New Item Code]]) -> #N/A | P133: MP0100 | Q133: Spare parts | T133: #N/A
A134: AW-0005 | B134: Sensor | C134: Normal Spares-NS | D134: 0 | E134: No | F134: 0 | G134: =Table4[[#This Row],[Item Cost]]*Table4[[#This Row],[In Stock]] -> 0 | H134: Spare Parts | I134: Normal Spares | K134: Common | L134: Common | M134: =IF(LEN(COUNTIFS($H$1:H134,$H134,$I$1:I134,$I134,$J$1:J134,$J134,$K$1:K134,K134,$L$1:L134,L134))=1,"00"&COUNTIFS($H$1:H134,$H134,$I$1:I134,$I134,$J$1:J134,$J134,$K$1:K134,K134,$L$1:L134,L134),IF(LEN(COUNTIFS($H$1:H134,$H134,$I$1:I134,$I134,$J$1:J134,$J134,$K$1:K134,K134,$L$1:L134,L134))=2,"0"&COUNTIFS($H$1:H134,$H134,$I$1:I134,$I134,$J$1:J134,$J134,$K$1:K134,K134,$L$1:L134,L134),COUNTIFS($H$1:H134,$H134,$I$1:I134,$I134,$J$1:J134,$J134,$K$1:K134,K134,$L$1:L134,L134))) -> 000 | N134: =VLOOKUP(Table4[[#This Row],[Department]],'Mapping code'!A:B,2,0)&"-"&VLOOKUP(Table4[[#This Row],[Category]],'Mapping code'!E:F,2,0)&"-"&VLOOKUP(Table4[[#This Row],[Machine]],'Mapping code'!I:J,2,0)&"-"&VLOOKUP(Table4[[#This Row],[Product Nature]],'Mapping code'!N:O,2,0)&"-"&VLOOKUP(Table4[[#This Row],[Category2]],'Mapping code'!Q:R,2,0)&"-"&Table4[[#This Row],[Seq]] -> #N/A | O134: =+LEN(Table4[[#This Row],[New Item Code]]) -> #N/A | P134: MP0100 | Q134: Spare parts | T134: #N/A
A135: AW-0006 | B135: Interlock door switch | C135: Normal Spares-NS | D135: 0 | E135: No | F135: 0 | G135: =Table4[[#This Row],[Item Cost]]*Table4[[#This Row],[In Stock]] -> 0 | H135: Spare Parts | I135: Normal Spares | K135: Common | L135: Common | M135: =IF(LEN(COUNTIFS($H$1:H135,$H135,$I$1:I135,$I135,$J$1:J135,$J135,$K$1:K135,K135,$L$1:L135,L135))=1,"00"&COUNTIFS($H$1:H135,$H135,$I$1:I135,$I135,$J$1:J135,$J135,$K$1:K135,K135,$L$1:L135,L135),IF(LEN(COUNTIFS($H$1:H135,$H135,$I$1:I135,$I135,$J$1:J135,$J135,$K$1:K135,K135,$L$1:L135,L135))=2,"0"&COUNTIFS($H$1:H135,$H135,$I$1:I135,$I135,$J$1:J135,$J135,$K$1:K135,K135,$L$1:L135,L135),COUNTIFS($H$1:H135,$H135,$I$1:I135,$I135,$J$1:J135,$J135,$K$1:K135,K135,$L$1:L135,L135))) -> 000 | N135: =VLOOKUP(Table4[[#This Row],[Department]],'Mapping code'!A:B,2,0)&"-"&VLOOKUP(Table4[[#This Row],[Category]],'Mapping code'!E:F,2,0)&"-"&VLOOKUP(Table4[[#This Row],[Machine]],'Mapping code'!I:J,2,0)&"-"&VLOOKUP(Table4[[#This Row],[Product Nature]],'Mapping code'!N:O,2,0)&"-"&VLOOKUP(Table4[[#This Row],[Category2]],'Mapping code'!Q:R,2,0)&"-"&Table4[[#This Row],[Seq]] -> #N/A | O135: =+LEN(Table4[[#This Row],[New Item Code]]) -> #N/A | P135: MP0100 | Q135: Spare parts | T135: #N/A
A136: AW-0007 | B136: Drain motor pump | C136: Normal Spares-NS | D136: 0 | E136: No | F136: 0 | G136: =Table4[[#This Row],[Item Cost]]*Table4[[#This Row],[In Stock]] -> 0 | H136: Spare Parts | I136: Normal Spares | K136: Common | L136: Common | M136: =IF(LEN(COUNTIFS($H$1:H136,$H136,$I$1:I136,$I136,$J$1:J136,$J136,$K$1:K136,K136,$L$1:L136,L136))=1,"00"&COUNTIFS($H$1:H136,$H136,$I$1:I136,$I136,$J$1:J136,$J136,$K$1:K136,K136,$L$1:L136,L136),IF(LEN(COUNTIFS($H$1:H136,$H136,$I$1:I136,$I136,$J$1:J136,$J136,$K$1:K136,K136,$L$1:L136,L136))=2,"0"&COUNTIFS($H$1:H136,$H136,$I$1:I136,$I136,$J$1:J136,$J136,$K$1:K136,K136,$L$1:L136,L136),COUNTIFS($H$1:H136,$H136,$I$1:I136,$I136,$J$1:J136,$J136,$K$1:K136,K136,$L$1:L136,L136))) -> 000 | N136: =VLOOKUP(Table4[[#This Row],[Department]],'Mapping code'!A:B,2,0)&"-"&VLOOKUP(Table4[[#This Row],[Category]],'Mapping code'!E:F,2,0)&"-"&VLOOKUP(Table4[[#This Row],[Machine]],'Mapping code'!I:J,2,0)&"-"&VLOOKUP(Table4[[#This Row],[Product Nature]],'Mapping code'!N:O,2,0)&"-"&VLOOKUP(Table4[[#This Row],[Category2]],'Mapping code'!Q:R,2,0)&"-"&Table4[[#This Row],[Seq]] -> #N/A | O136: =+LEN(Table4[[#This Row],[New Item Code]]) -> #N/A | P136: MP0100 | Q136: Spare parts | T136: #N/A
A137: AW-0008 | B137: Tank motor pump | C137: Normal Spares-NS | D137: 0 | E137: No | F137: 0 | G137: =Table4[[#This Row],[Item Cost]]*Table4[[#This Row],[In Stock]] -> 0 | H137: Spare Parts | I137: Normal Spares | K137: Common | L137: Common | M137: =IF(LEN(COUNTIFS($H$1:H137,$H137,$I$1:I137,$I137,$J$1:J137,$J137,$K$1:K137,K137,$L$1:L137,L137))=1,"00"&COUNTIFS($H$1:H137,$H137,$I$1:I137,$I137,$J$1:J137,$J137,$K$1:K137,K137,$L$1:L137,L137),IF(LEN(COUNTIFS($H$1:H137,$H137,$I$1:I137,$I137,$J$1:J137,$J137,$K$1:K137,K137,$L$1:L137,L137))=2,"0"&COUNTIFS($H$1:H137,$H137,$I$1:I137,$I137,$J$1:J137,$J137,$K$1:K137,K137,$L$1:L137,L137),COUNTIFS($H$1:H137,$H137,$I$1:I137,$I137,$J$1:J137,$J137,$K$1:K137,K137,$L$1:L137,L137))) -> 000 | N137: =VLOOKUP(Table4[[#This Row],[Department]],'Mapping code'!A:B,2,0)&"-"&VLOOKUP(Table4[[#This Row],[Category]],'Mapping code'!E:F,2,0)&"-"&VLOOKUP(Table4[[#This Row],[Machine]],'Mapping code'!I:J,2,0)&"-"&VLOOKUP(Table4[[#This Row],[Product Nature]],'Mapping code'!N:O,2,0)&"-"&VLOOKUP(Table4[[#This Row],[Category2]],'Mapping code'!Q:R,2,0)&"-"&Table4[[#This Row],[Seq]] -> #N/A | O137: =+LEN(Table4[[#This Row],[New Item Code]]) -> #N/A | P137: MP0100 | Q137: Spare parts | T137: #N/A
A138: AW-0009 | B138: Conveyor motor | C138: Normal Spares-NS | D138: 0 | E138: No | F138: 0 | G138: =Table4[[#This Row],[Item Cost]]*Table4[[#This Row],[In Stock]] -> 0 | H138: Spare Parts | I138: Normal Spares | K138: Common | L138: Common | M138: =IF(LEN(COUNTIFS($H$1:H138,$H138,$I$1:I138,$I138,$J$1:J138,$J138,$K$1:K138,K138,$L$1:L138,L138))=1,"00"&COUNTIFS($H$1:H138,$H138,$I$1:I138,$I138,$J$1:J138,$J138,$K$1:K138,K138,$L$1:L138,L138),IF(LEN(COUNTIFS($H$1:H138,$H138,$I$1:I138,$I138,$J$1:J138,$J138,$K$1:K138,K138,$L$1:L138,L138))=2,"0"&COUNTIFS($H$1:H138,$H138,$I$1:I138,$I138,$J$1:J138,$J138,$K$1:K138,K138,$L$1:L138,L138),COUNTIFS($H$1:H138,$H138,$I$1:I138,$I138,$J$1:J138,$J138,$K$1:K138,K138,$L$1:L138,L138))) -> 000 | N138: =VLOOKUP(Table4[[#This Row],[Department]],'Mapping code'!A:B,2,0)&"-"&VLOOKUP(Table4[[#This Row],[Category]],'Mapping code'!E:F,2,0)&"-"&VLOOKUP(Table4[[#This Row],[Machine]],'Mapping code'!I:J,2,0)&"-"&VLOOKUP(Table4[[#This Row],[Product Nature]],'Mapping code'!N:O,2,0)&"-"&VLOOKUP(Table4[[#This Row],[Category2]],'Mapping code'!Q:R,2,0)&"-"&Table4[[#This Row],[Seq]] -> #N/A | O138: =+LEN(Table4[[#This Row],[New Item Code]]) -> #N/A | P138: MP0100 | Q138: Spare parts | T138: #N/A
A139: AW-0010 | B139: Conveyor chain belt | C139: Normal Spares-NS | D139: 6050 | E139: Yes | F139: 1 | G139: =Table4[[#This Row],[Item Cost]]*Table4[[#This Row],[In Stock]] -> 6050 | H139: Spare Parts | I139: Normal Spares | K139: Belt | L139: Common | M139: =IF(LEN(COUNTIFS($H$1:H139,$H139,$I$1:I139,$I139,$J$1:J139,$J139,$K$1:K139,K139,$L$1:L139,L139))=1,"00"&COUNTIFS($H$1:H139,$H139,$I$1:I139,$I139,$J$1:J139,$J139,$K$1:K139,K139,$L$1:L139,L139),IF(LEN(COUNTIFS($H$1:H139,$H139,$I$1:I139,$I139,$J$1:J139,$J139,$K$1:K139,K139,$L$1:L139,L139))=2,"0"&COUNTIFS($H$1:H139,$H139,$I$1:I139,$I139,$J$1:J139,$J139,$K$1:K139,K139,$L$1:L139,L139),COUNTIFS($H$1:H139,$H139,$I$1:I139,$I139,$J$1:J139,$J139,$K$1:K139,K139,$L$1:L139,L139))) -> 000 | N139: =VLOOKUP(Table4[[#This Row],[Department]],'Mapping code'!A:B,2,0)&"-"&VLOOKUP(Table4[[#This Row],[Category]],'Mapping code'!E:F,2,0)&"-"&VLOOKUP(Table4[[#This Row],[Machine]],'Mapping code'!I:J,2,0)&"-"&VLOOKUP(Table4[[#This Row],[Product Nature]],'Mapping code'!N:O,2,0)&"-"&VLOOKUP(Table4[[#This Row],[Category2]],'Mapping code'!Q:R,2,0)&"-"&Table4[[#This Row],[Seq]] -> #N/A | O139: =+LEN(Table4[[#This Row],[New Item Code]]) -> #N/A | P139: MP0100 | Q139: Spare parts | T139: #N/A
A140: AW-0011 | B140: Water sprinkler tube | C140: Normal Spares-NS | D140: 0 | E140: No | F140: 0 | G140: =Table4[[#This Row],[Item Cost]]*Table4[[#This Row],[In Stock]] -> 0 | H140: Spare Parts | I140: Normal Spares | K140: Common | L140: Common | M140: =IF(LEN(COUNTIFS($H$1:H140,$H140,$I$1:I140,$I140,$J$1:J140,$J140,$K$1:K140,K140,$L$1:L140,L140))=1,"00"&COUNTIFS($H$1:H140,$H140,$I$1:I140,$I140,$J$1:J140,$J140,$K$1:K140,K140,$L$1:L140,L140),IF(LEN(COUNTIFS($H$1:H140,$H140,$I$1:I140,$I140,$J$1:J140,$J140,$K$1:K140,K140,$L$1:L140,L140))=2,"0"&COUNTIFS($H$1:H140,$H140,$I$1:I140,$I140,$J$1:J140,$J140,$K$1:K140,K140,$L$1:L140,L140),COUNTIFS($H$1:H140,$H140,$I$1:I140,$I140,$J$1:J140,$J140,$K$1:K140,K140,$L$1:L140,L140))) -> 000 | N140: =VLOOKUP(Table4[[#This Row],[Department]],'Mapping code'!A:B,2,0)&"-"&VLOOKUP(Table4[[#This Row],[Category]],'Mapping code'!E:F,2,0)&"-"&VLOOKUP(Table4[[#This Row],[Machine]],'Mapping code'!I:J,2,0)&"-"&VLOOKUP(Table4[[#This Row],[Product Nature]],'Mapping code'!N:O,2,0)&"-"&VLOOKUP(Table4[[#This Row],[Category2]],'Mapping code'!Q:R,2,0)&"-"&Table4[[#This Row],[Seq]] -> #N/A | O140: =+LEN(Table4[[#This Row],[New Item Code]]) -> #N/A | P140: MP0100 | Q140: Spare parts | T140: #N/A
A141: AW-0012 | B141: Water tank filter | C141: Normal Spares-NS | D141: 0 | E141: No | F141: 0 | G141: =Table4[[#This Row],[Item Cost]]*Table4[[#This Row],[In Stock]] -> 0 | H141: Spare Parts | I141: Normal Spares | K141: Common | L141: Common | M141: =IF(LEN(COUNTIFS($H$1:H141,$H141,$I$1:I141,$I141,$J$1:J141,$J141,$K$1:K141,K141,$L$1:L141,L141))=1,"00"&COUNTIFS($H$1:H141,$H141,$I$1:I141,$I141,$J$1:J141,$J141,$K$1:K141,K141,$L$1:L141,L141),IF(LEN(COUNTIFS($H$1:H141,$H141,$I$1:I141,$I141,$J$1:J141,$J141,$K$1:K141,K141,$L$1:L141,L141))=2,"0"&COUNTIFS($H$1:H141,$H141,$I$1:I141,$I141,$J$1:J141,$J141,$K$1:K141,K141,$L$1:L141,L141),COUNTIFS($H$1:H141,$H141,$I$1:I141,$I141,$J$1:J141,$J141,$K$1:K141,K141,$L$1:L141,L141))) -> 000 | N141: =VLOOKUP(Table4[[#This Row],[Department]],'Mapping code'!A:B,2,0)&"-"&VLOOKUP(Table4[[#This Row],[Category]],'Mapping code'!E:F,2,0)&"-"&VLOOKUP(Table4[[#This Row],[Machine]],'Mapping code'!I:J,2,0)&"-"&VLOOKUP(Table4[[#This Row],[Product Nature]],'Mapping code'!N:O,2,0)&"-"&VLOOKUP(Table4[[#This Row],[Category2]],'Mapping code'!Q:R,2,0)&"-"&Table4[[#This Row],[Seq]] -> #N/A | O141: =+LEN(Table4[[#This Row],[New Item Code]]) -> #N/A | P141: MP0100 | Q141: Spare parts | T141: #N/A
A142: BEA-0001 | B142: Skates Bearing | C142: Normal Spares-NS | D142: 0 | E142: Yes | F142: 0 | G142: =Table4[[#This Row],[Item Cost]]*Table4[[#This Row],[In Stock]] -> 0 | H142: Spare Parts | I142: Normal Spares | J142: Common | K142: bearings | L142: Common | M142: =IF(LEN(COUNTIFS($H$1:H142,$H142,$I$1:I142,$I142,$J$1:J142,$J142,$K$1:K142,K142,$L$1:L142,L142))=1,"00"&COUNTIFS($H$1:H142,$H142,$I$1:I142,$I142,$J$1:J142,$J142,$K$1:K142,K142,$L$1:L142,L142),IF(LEN(COUNTIFS($H$1:H142,$H142,$I$1:I142,$I142,$J$1:J142,$J142,$K$1:K142,K142,$L$1:L142,L142))=2,"0"&COUNTIFS($H$1:H142,$H142,$I$1:I142,$I142,$J$1:J142,$J142,$K$1:K142,K142,$L$1:L142,L142),COUNTIFS($H$1:H142,$H142,$I$1:I142,$I142,$J$1:J142,$J142,$K$1:K142,K142,$L$1:L142,L142))) -> 001 | N142: =VLOOKUP(Table4[[#This Row],[Department]],'Mapping code'!A:B,2,0)&"-"&VLOOKUP(Table4[[#This Row],[Category]],'Mapping code'!E:F,2,0)&"-"&VLOOKUP(Table4[[#This Row],[Machine]],'Mapping code'!I:J,2,0)&"-"&VLOOKUP(Table4[[#This Row],[Product Nature]],'Mapping code'!N:O,2,0)&"-"&VLOOKUP(Table4[[#This Row],[Category2]],'Mapping code'!Q:R,2,0)&"-"&Table4[[#This Row],[Seq]] -> #N/A | O142: =+LEN(Table4[[#This Row],[New Item Code]]) -> #N/A | P142: MP0100 | Q142: Spare parts | T142: Common
A143: BEA-0002 | B143: Bearing 6305 ZRSR | C143: Normal Spares-NS | D143: 100 | E143: Yes | F143: 2 | G143: =Table4[[#This Row],[Item Cost]]*Table4[[#This Row],[In Stock]] -> 200 | H143: Spare Parts | I143: Normal Spares | J143: Common | K143: bearings | L143: Common | M143: =IF(LEN(COUNTIFS($H$1:H143,$H143,$I$1:I143,$I143,$J$1:J143,$J143,$K$1:K143,K143,$L$1:L143,L143))=1,"00"&COUNTIFS($H$1:H143,$H143,$I$1:I143,$I143,$J$1:J143,$J143,$K$1:K143,K143,$L$1:L143,L143),IF(LEN(COUNTIFS($H$1:H143,$H143,$I$1:I143,$I143,$J$1:J143,$J143,$K$1:K143,K143,$L$1:L143,L143))=2,"0"&COUNTIFS($H$1:H143,$H143,$I$1:I143,$I143,$J$1:J143,$J143,$K$1:K143,K143,$L$1:L143,L143),COUNTIFS($H$1:H143,$H143,$I$1:I143,$I143,$J$1:J143,$J143,$K$1:K143,K143,$L$1:L143,L143))) -> 002 | N143: =VLOOKUP(Table4[[#This Row],[Department]],'Mapping code'!A:B,2,0)&"-"&VLOOKUP(Table4[[#This Row],[Category]],'Mapping code'!E:F,2,0)&"-"&VLOOKUP(Table4[[#This Row],[Machine]],'Mapping code'!I:J,2,0)&"-"&VLOOKUP(Table4[[#This Row],[Product Nature]],'Mapping code'!N:O,2,0)&"-"&VLOOKUP(Table4[[#This Row],[Category2]],'Mapping code'!Q:R,2,0)&"-"&Table4[[#This Row],[Seq]] -> #N/A | O143: =+LEN(Table4[[#This Row],[New Item Code]]) -> #N/A | P143: MP0100 | Q143: Spare parts | T143: Common
A144: BEA-0003 | B144: Bearing 6304 2R | C144: Normal Spares-NS | D144: 14 | E144: Yes | F144: 3 | G144: =Table4[[#This Row],[Item Cost]]*Table4[[#This Row],[In Stock]] -> 42 | H144: Spare Parts | I144: Normal Spares | J144: Common | K144: bearings | L144: Common | M144: =IF(LEN(COUNTIFS($H$1:H144,$H144,$I$1:I144,$I144,$J$1:J144,$J144,$K$1:K144,K144,$L$1:L144,L144))=1,"00"&COUNTIFS($H$1:H144,$H144,$I$1:I144,$I144,$J$1:J144,$J144,$K$1:K144,K144,$L$1:L144,L144),IF(LEN(COUNTIFS($H$1:H144,$H144,$I$1:I144,$I144,$J$1:J144,$J144,$K$1:K144,K144,$L$1:L144,L144))=2,"0"&COUNTIFS($H$1:H144,$H144,$I$1:I144,$I144,$J$1:J144,$J144,$K$1:K144,K144,$L$1:L144,L144),COUNTIFS($H$1:H144,$H144,$I$1:I144,$I144,$J$1:J144,$J144,$K$1:K144,K144,$L$1:L144,L144))) -> 003 | N144: =VLOOKUP(Table4[[#This Row],[Department]],'Mapping code'!A:B,2,0)&"-"&VLOOKUP(Table4[[#This Row],[Category]],'Mapping code'!E:F,2,0)&"-"&VLOOKUP(Table4[[#This Row],[Machine]],'Mapping code'!I:J,2,0)&"-"&VLOOKUP(Table4[[#This Row],[Product Nature]],'Mapping code'!N:O,2,0)&"-"&VLOOKUP(Table4[[#This Row],[Category2]],'Mapping code'!Q:R,2,0)&"-"&Table4[[#This Row],[Seq]] -> #N/A | O144: =+LEN(Table4[[#This Row],[New Item Code]]) -> #N/A | P144: MP0100 | Q144: Spare parts | T144: Common
A145: BEA-0004 | B145: Bearing 6205 2RSCM | C145: Normal Spares-NS | D145: 23.428 | E145: Yes | F145: 6 | G145: =Table4[[#This Row],[Item Cost]]*Table4[[#This Row],[In Stock]] -> 140.568 | H145: Spare Parts | I145: Normal Spares | J145: Common | K145: bearings | L145: Common | M145: =IF(LEN(COUNTIFS($H$1:H145,$H145,$I$1:I145,$I145,$J$1:J145,$J145,$K$1:K145,K145,$L$1:L145,L145))=1,"00"&COUNTIFS($H$1:H145,$H145,$I$1:I145,$I145,$J$1:J145,$J145,$K$1:K145,K145,$L$1:L145,L145),IF(LEN(COUNTIFS($H$1:H145,$H145,$I$1:I145,$I145,$J$1:J145,$J145,$K$1:K145,K145,$L$1:L145,L145))=2,"0"&COUNTIFS($H$1:H145,$H145,$I$1:I145,$I145,$J$1:J145,$J145,$K$1:K145,K145,$L$1:L145,L145),COUNTIFS($H$1:H145,$H145,$I$1:I145,$I145,$J$1:J145,$J145,$K$1:K145,K145,$L$1:L145,L145))) -> 004 | N145: =VLOOKUP(Table4[[#This Row],[Department]],'Mapping code'!A:B,2,0)&"-"&VLOOKUP(Table4[[#This Row],[Category]],'Mapping code'!E:F,2,0)&"-"&VLOOKUP(Table4[[#This Row],[Machine]],'Mapping code'!I:J,2,0)&"-"&VLOOKUP(Table4[[#This Row],[Product Nature]],'Mapping code'!N:O,2,0)&"-"&VLOOKUP(Table4[[#This Row],[Category2]],'Mapping code'!Q:R,2,0)&"-"&Table4[[#This Row],[Seq]] -> #N/A | O145: =+LEN(Table4[[#This Row],[New Item Code]]) -> #N/A | P145: MP0100 | Q145: Spare parts | T145: Common
A146: BEA-0005 | B146: Bearing 6207 | C146: Normal Spares-NS | D146: 20 | E146: Yes | F146: 2 | G146: =Table4[[#This Row],[Item Cost]]*Table4[[#This Row],[In Stock]] -> 40 | H146: Spare Parts | I146: Normal Spares | J146: Common | K146: bearings | L146: Common | M146: =IF(LEN(COUNTIFS($H$1:H146,$H146,$I$1:I146,$I146,$J$1:J146,$J146,$K$1:K146,K146,$L$1:L146,L146))=1,"00"&COUNTIFS($H$1:H146,$H146,$I$1:I146,$I146,$J$1:J146,$J146,$K$1:K146,K146,$L$1:L146,L146),IF(LEN(COUNTIFS($H$1:H146,$H146,$I$1:I146,$I146,$J$1:J146,$J146,$K$1:K146,K146,$L$1:L146,L146))=2,"0"&COUNTIFS($H$1:H146,$H146,$I$1:I146,$I146,$J$1:J146,$J146,$K$1:K146,K146,$L$1:L146,L146),COUNTIFS($H$1:H146,$H146,$I$1:I146,$I146,$J$1:J146,$J146,$K$1:K146,K146,$L$1:L146,L146))) -> 005 | N146: =VLOOKUP(Table4[[#This Row],[Department]],'Mapping code'!A:B,2,0)&"-"&VLOOKUP(Table4[[#This Row],[Category]],'Mapping code'!E:F,2,0)&"-"&VLOOKUP(Table4[[#This Row],[Machine]],'Mapping code'!I:J,2,0)&"-"&VLOOKUP(Table4[[#This Row],[Product Nature]],'Mapping code'!N:O,2,0)&"-"&VLOOKUP(Table4[[#This Row],[Category2]],'Mapping code'!Q:R,2,0)&"-"&Table4[[#This Row],[Seq]] -> #N/A | O146: =+LEN(Table4[[#This Row],[New Item Code]]) -> #N/A | P146: MP0100 | Q146: Spare parts | T146: Common
A147: BEA-0006 | B147: Bearing 6004 | C147: Normal Spares-NS | D147: 8.5 | E147: Yes | F147: 2 | G147: =Table4[[#This Row],[Item Cost]]*Table4[[#This Row],[In Stock]] -> 17 | H147: Spare Parts | I147: Normal Spares | J147: Common | K147: bearings | L147: Common | M147: =IF(LEN(COUNTIFS($H$1:H147,$H147,$I$1:I147,$I147,$J$1:J147,$J147,$K$1:K147,K147,$L$1:L147,L147))=1,"00"&COUNTIFS($H$1:H147,$H147,$I$1:I147,$I147,$J$1:J147,$J147,$K$1:K147,K147,$L$1:L147,L147),IF(LEN(COUNTIFS($H$1:H147,$H147,$I$1:I147,$I147,$J$1:J147,$J147,$K$1:K147,K147,$L$1:L147,L147))=2,"0"&COUNTIFS($H$1:H147,$H147,$I$1:I147,$I147,$J$1:J147,$J147,$K$1:K147,K147,$L$1:L147,L147),COUNTIFS($H$1:H147,$H147,$I$1:I147,$I147,$J$1:J147,$J147,$K$1:K147,K147,$L$1:L147,L147))) -> 006 | N147: =VLOOKUP(Table4[[#This Row],[Department]],'Mapping code'!A:B,2,0)&"-"&VLOOKUP(Table4[[#This Row],[Category]],'Mapping code'!E:F,2,0)&"-"&VLOOKUP(Table4[[#This Row],[Machine]],'Mapping code'!I:J,2,0)&"-"&VLOOKUP(Table4[[#This Row],[Product Nature]],'Mapping code'!N:O,2,0)&"-"&VLOOKUP(Table4[[#This Row],[Category2]],'Mapping code'!Q:R,2,0)&"-"&Table4[[#This Row],[Seq]] -> #N/A | O147: =+LEN(Table4[[#This Row],[New Item Code]]) -> #N/A | P147: MP0100 | Q147: Spare parts | T147: Common
A148: BEA-0007 | B148: Bearing 6204LLB | C148: Normal Spares-NS | D148: 7.5 | E148: Yes | F148: 16 | G148: =Table4[[#This Row],[Item Cost]]*Table4[[#This Row],[In Stock]] -> 120 | H148: Spare Parts | I148: Normal Spares | J148: Common | K148: bearings | L148: Common | M148: =IF(LEN(COUNTIFS($H$1:H148,$H148,$I$1:I148,$I148,$J$1:J148,$J148,$K$1:K148,K148,$L$1:L148,L148))=1,"00"&COUNTIFS($H$1:H148,$H148,$I$1:I148,$I148,$J$1:J148,$J148,$K$1:K148,K148,$L$1:L148,L148),IF(LEN(COUNTIFS($H$1:H148,$H148,$I$1:I148,$I148,$J$1:J148,$J148,$K$1:K148,K148,$L$1:L148,L148))=2,"0"&COUNTIFS($H$1:H148,$H148,$I$1:I148,$I148,$J$1:J148,$J148,$K$1:K148,K148,$L$1:L148,L148),COUNTIFS($H$1:H148,$H148,$I$1:I148,$I148,$J$1:J148,$J148,$K$1:K148,K148,$L$1:L148,L148))) -> 007 | N148: =VLOOKUP(Table4[[#This Row],[Department]],'Mapping code'!A:B,2,0)&"-"&VLOOKUP(Table4[[#This Row],[Category]],'Mapping code'!E:F,2,0)&"-"&VLOOKUP(Table4[[#This Row],[Machine]],'Mapping code'!I:J,2,0)&"-"&VLOOKUP(Table4[[#This Row],[Product Nature]],'Mapping code'!N:O,2,0)&"-"&VLOOKUP(Table4[[#This Row],[Category2]],'Mapping code'!Q:R,2,0)&"-"&Table4[[#This Row],[Seq]] -> #N/A | O148: =+LEN(Table4[[#This Row],[New Item Code]]) -> #N/A | P148: MP0100 | Q148: Spare parts | T148: Common
A149: BEA-0008 | B149: Bearing HSR-35LB | C149: Normal Spares-NS | D149: 0 | E149: Yes | F149: 0 | G149: =Table4[[#This Row],[Item Cost]]*Table4[[#This Row],[In Stock]] -> 0 | H149: Spare Parts | I149: Normal Spares | J149: Common | K149: bearings | L149: Common | M149: =IF(LEN(COUNTIFS($H$1:H149,$H149,$I$1:I149,$I149,$J$1:J149,$J149,$K$1:K149,K149,$L$1:L149,L149))=1,"00"&COUNTIFS($H$1:H149,$H149,$I$1:I149,$I149,$J$1:J149,$J149,$K$1:K149,K149,$L$1:L149,L149),IF(LEN(COUNTIFS($H$1:H149,$H149,$I$1:I149,$I149,$J$1:J149,$J149,$K$1:K149,K149,$L$1:L149,L149))=2,"0"&COUNTIFS($H$1:H149,$H149,$I$1:I149,$I149,$J$1:J149,$J149,$K$1:K149,K149,$L$1:L149,L149),COUNTIFS($H$1:H149,$H149,$I$1:I149,$I149,$J$1:J149,$J149,$K$1:K149,K149,$L$1:L149,L149))) -> 008 | N149: =VLOOKUP(Table4[[#This Row],[Department]],'Mapping code'!A:B,2,0)&"-"&VLOOKUP(Table4[[#This Row],[Category]],'Mapping code'!E:F,2,0)&"-"&VLOOKUP(Table4[[#This Row],[Machine]],'Mapping code'!I:J,2,0)&"-"&VLOOKUP(Table4[[#This Row],[Product Nature]],'Mapping code'!N:O,2,0)&"-"&VLOOKUP(Table4[[#This Row],[Category2]],'Mapping code'!Q:R,2,0)&"-"&Table4[[#This Row],[Seq]] -> #N/A | O149: =+LEN(Table4[[#This Row],[New Item Code]]) -> #N/A | P149: MP0100 | Q149: Spare parts | T149: Common
A150: BEA-0009 | B150: Bearing 6203 | C150: Normal Spares-NS | D150: 0 | E150: Yes | F150: 0 | G150: =Table4[[#This Row],[Item Cost]]*Table4[[#This Row],[In Stock]] -> 0 | H150: Spare Parts | I150: Normal Spares | J150: Common | K150: bearings | L150: Common | M150: =IF(LEN(COUNTIFS($H$1:H150,$H150,$I$1:I150,$I150,$J$1:J150,$J150,$K$1:K150,K150,$L$1:L150,L150))=1,"00"&COUNTIFS($H$1:H150,$H150,$I$1:I150,$I150,$J$1:J150,$J150,$K$1:K150,K150,$L$1:L150,L150),IF(LEN(COUNTIFS($H$1:H150,$H150,$I$1:I150,$I150,$J$1:J150,$J150,$K$1:K150,K150,$L$1:L150,L150))=2,"0"&COUNTIFS($H$1:H150,$H150,$I$1:I150,$I150,$J$1:J150,$J150,$K$1:K150,K150,$L$1:L150,L150),COUNTIFS($H$1:H150,$H150,$I$1:I150,$I150,$J$1:J150,$J150,$K$1:K150,K150,$L$1:L150,L150))) -> 009 | N150: =VLOOKUP(Table4[[#This Row],[Department]],'Mapping code'!A:B,2,0)&"-"&VLOOKUP(Table4[[#This Row],[Category]],'Mapping code'!E:F,2,0)&"-"&VLOOKUP(Table4[[#This Row],[Machine]],'Mapping code'!I:J,2,0)&"-"&VLOOKUP(Table4[[#This Row],[Product Nature]],'Mapping code'!N:O,2,0)&"-"&VLOOKUP(Table4[[#This Row],[Category2]],'Mapping code'!Q:R,2,0)&"-"&Table4[[#This Row],[Seq]] -> #N/A | O150: =+LEN(Table4[[#This Row],[New Item Code]]) -> #N/A | P150: MP0100 | Q150: Spare parts | T150: Common
A151: BEA-0010 | B151: Bearing 6004LU | C151: Normal Spares-NS | D151: 65.871 | E151: Yes | F151: 19 | G151: =Table4[[#This Row],[Item Cost]]*Table4[[#This Row],[In Stock]] -> 1251.549 | H151: Spare Parts | I151: Normal Spares | J151: Common | K151: bearings | L151: Common | M151: =IF(LEN(COUNTIFS($H$1:H151,$H151,$I$1:I151,$I151,$J$1:J151,$J151,$K$1:K151,K151,$L$1:L151,L151))=1,"00"&COUNTIFS($H$1:H151,$H151,$I$1:I151,$I151,$J$1:J151,$J151,$K$1:K151,K151,$L$1:L151,L151),IF(LEN(COUNTIFS($H$1:H151,$H151,$I$1:I151,$I151,$J$1:J151,$J151,$K$1:K151,K151,$L$1:L151,L151))=2,"0"&COUNTIFS($H$1:H151,$H151,$I$1:I151,$I151,$J$1:J151,$J151,$K$1:K151,K151,$L$1:L151,L151),COUNTIFS($H$1:H151,$H151,$I$1:I151,$I151,$J$1:J151,$J151,$K$1:K151,K151,$L$1:L151,L151))) -> 010 | N151: =VLOOKUP(Table4[[#This Row],[Department]],'Mapping code'!A:B,2,0)&"-"&VLOOKUP(Table4[[#This Row],[Category]],'Mapping code'!E:F,2,0)&"-"&VLOOKUP(Table4[[#This Row],[Machine]],'Mapping code'!I:J,2,0)&"-"&VLOOKUP(Table4[[#This Row],[Product Nature]],'Mapping code'!N:O,2,0)&"-"&VLOOKUP(Table4[[#This Row],[Category2]],'Mapping code'!Q:R,2,0)&"-"&Table4[[#This Row],[Seq]] -> #N/A | O151: =+LEN(Table4[[#This Row],[New Item Code]]) -> #N/A | P151: MP0100 | Q151: Spare parts | T151: Common
A152: BEA-0011 | B152: Bearing 7205 cm | C152: Normal Spares-NS | D152: 20 | E152: Yes | F152: 2 | G152: =Table4[[#This Row],[Item Cost]]*Table4[[#This Row],[In Stock]] -> 40 | H152: Spare Parts | I152: Normal Spares | J152: Common | K152: bearings | L152: Common | M152: =IF(LEN(COUNTIFS($H$1:H152,$H152,$I$1:I152,$I152,$J$1:J152,$J152,$K$1:K152,K152,$L$1:L152,L152))=1,"00"&COUNTIFS($H$1:H152,$H152,$I$1:I152,$I152,$J$1:J152,$J152,$K$1:K152,K152,$L$1:L152,L152),IF(LEN(COUNTIFS($H$1:H152,$H152,$I$1:I152,$I152,$J$1:J152,$J152,$K$1:K152,K152,$L$1:L152,L152))=2,"0"&COUNTIFS($H$1:H152,$H152,$I$1:I152,$I152,$J$1:J152,$J152,$K$1:K152,K152,$L$1:L152,L152),COUNTIFS($H$1:H152,$H152,$I$1:I152,$I152,$J$1:J152,$J152,$K$1:K152,K152,$L$1:L152,L152))) -> 011 | N152: =VLOOKUP(Table4[[#This Row],[Department]],'Mapping code'!A:B,2,0)&"-"&VLOOKUP(Table4[[#This Row],[Category]],'Mapping code'!E:F,2,0)&"-"&VLOOKUP(Table4[[#This Row],[Machine]],'Mapping code'!I:J,2,0)&"-"&VLOOKUP(Table4[[#This Row],[Product Nature]],'Mapping code'!N:O,2,0)&"-"&VLOOKUP(Table4[[#This Row],[Category2]],'Mapping code'!Q:R,2,0)&"-"&Table4[[#This Row],[Seq]] -> #N/A | O152: =+LEN(Table4[[#This Row],[New Item Code]]) -> #N/A | P152: MP0100 | Q152: Spare parts | T152: Common
A153: BEA-0012 | B153: Bearing 7205 e | C153: Normal Spares-NS | D153: 20 | E153: Yes | F153: 5 | G153: =Table4[[#This Row],[Item Cost]]*Table4[[#This Row],[In Stock]] -> 100 | H153: Spare Parts | I153: Normal Spares | J153: Common | K153: bearings | L153: Common | M153: =IF(LEN(COUNTIFS($H$1:H153,$H153,$I$1:I153,$I153,$J$1:J153,$J153,$K$1:K153,K153,$L$1:L153,L153))=1,"00"&COUNTIFS($H$1:H153,$H153,$I$1:I153,$I153,$J$1:J153,$J153,$K$1:K153,K153,$L$1:L153,L153),IF(LEN(COUNTIFS($H$1:H153,$H153,$I$1:I153,$I153,$J$1:J153,$J153,$K$1:K153,K153,$L$1:L153,L153))=2,"0"&COUNTIFS($H$1:H153,$H153,$I$1:I153,$I153,$J$1:J153,$J153,$K$1:K153,K153,$L$1:L153,L153),COUNTIFS($H$1:H153,$H153,$I$1:I153,$I153,$J$1:J153,$J153,$K$1:K153,K153,$L$1:L153,L153))) -> 012 | N153: =VLOOKUP(Table4[[#This Row],[Department]],'Mapping code'!A:B,2,0)&"-"&VLOOKUP(Table4[[#This Row],[Category]],'Mapping code'!E:F,2,0)&"-"&VLOOKUP(Table4[[#This Row],[Machine]],'Mapping code'!I:J,2,0)&"-"&VLOOKUP(Table4[[#This Row],[Product Nature]],'Mapping code'!N:O,2,0)&"-"&VLOOKUP(Table4[[#This Row],[Category2]],'Mapping code'!Q:R,2,0)&"-"&Table4[[#This Row],[Seq]] -> #N/A | O153: =+LEN(Table4[[#This Row],[New Item Code]]) -> #N/A | P153: MP0100 | Q153: Spare parts | T153: Common
... A378: BOL-0278 | B378: M4x10 Cap Screw | C378: Maintenance Consumables-MC | D378: 0.25 | E378: Yes | F378: 200 | G378: =Table4[[#This Row],[Item Cost]]*Table4[[#This Row],[In Stock]] -> 50 | H378: Spare Parts | I378: Consumables | J378: Common | K378: Screw | L378: Common | M378: =IF(LEN(COUNTIFS($H$1:H378,$H378,$I$1:I378,$I378,$J$1:J378,$J378,$K$1:K378,K378,$L$1:L378,L378))=1,"00"&COUNTIFS($H$1:H378,$H378,$I$1:I378,$I378,$J$1:J378,$J378,$K$1:K378,K378,$L$1:L378,L378),IF(LEN(COUNTIFS($H$1:H378,$H378,$I$1:I378,$I378,$J$1:J378,$J378,$K$1:K378,K378,$L$1:L378,L378))=2,"0"&COUNTIFS($H$1:H378,$H378,$I$1:I378,$I378,$J$1:J378,$J378,$K$1:K378,K378,$L$1:L378,L378),COUNTIFS($H$1:H378,$H378,$I$1:I378,$I378,$J$1:J378,$J378,$K$1:K378,K378,$L$1:L378,L378))) -> 099 | N378: =VLOOKUP(Table4[[#This Row],[Department]],'Mapping code'!A:B,2,0)&"-"&VLOOKUP(Table4[[#This Row],[Category]],'Mapping code'!E:F,2,0)&"-"&VLOOKUP(Table4[[#This Row],[Machine]],'Mapping code'!I:J,2,0)&"-"&VLOOKUP(Table4[[#This Row],[Product Nature]],'Mapping code'!N:O,2,0)&"-"&VLOOKUP(Table4[[#This Row],[Category2]],'Mapping code'!Q:R,2,0)&"-"&Table4[[#This Row],[Seq]] -> #N/A | O378: =+LEN(Table4[[#This Row],[New Item Code]]) -> #N/A | P378: MP0100 | Q378: Spare parts | T378: Common
A379: BU-0001 | B379: M12x12 Cap Screw | C379: Maintenance Consumables-MC | D379: 0 | E379: Yes | F379: 0 | G379: =Table4[[#This Row],[Item Cost]]*Table4[[#This Row],[In Stock]] -> 0 | H379: Spare Parts | I379: Consumables | K379: Screw | L379: Common | M379: =IF(LEN(COUNTIFS($H$1:H379,$H379,$I$1:I379,$I379,$J$1:J379,$J379,$K$1:K379,K379,$L$1:L379,L379))=1,"00"&COUNTIFS($H$1:H379,$H379,$I$1:I379,$I379,$J$1:J379,$J379,$K$1:K379,K379,$L$1:L379,L379),IF(LEN(COUNTIFS($H$1:H379,$H379,$I$1:I379,$I379,$J$1:J379,$J379,$K$1:K379,K379,$L$1:L379,L379))=2,"0"&COUNTIFS($H$1:H379,$H379,$I$1:I379,$I379,$J$1:J379,$J379,$K$1:K379,K379,$L$1:L379,L379),COUNTIFS($H$1:H379,$H379,$I$1:I379,$I379,$J$1:J379,$J379,$K$1:K379,K379,$L$1:L379,L379))) -> 000 | N379: =VLOOKUP(Table4[[#This Row],[Department]],'Mapping code'!A:B,2,0)&"-"&VLOOKUP(Table4[[#This Row],[Category]],'Mapping code'!E:F,2,0)&"-"&VLOOKUP(Table4[[#This Row],[Machine]],'Mapping code'!I:J,2,0)&"-"&VLOOKUP(Table4[[#This Row],[Product Nature]],'Mapping code'!N:O,2,0)&"-"&VLOOKUP(Table4[[#This Row],[Category2]],'Mapping code'!Q:R,2,0)&"-"&Table4[[#This Row],[Seq]] -> #N/A | O379: =+LEN(Table4[[#This Row],[New Item Code]]) -> #N/A | P379: MP0100 | Q379: Spare parts | T379: #N/A
A380: CB-0001 | B380: L538 COUNTER BORE MOTOR DRIVE | C380: Normal Spares-NS | D380: 5028 | E380: Yes | F380: 5 | G380: =Table4[[#This Row],[Item Cost]]*Table4[[#This Row],[In Stock]] -> 25140 | H380: Spare Parts | I380: Normal Spares | J380: Drill | K380: Common | L380: Common | M380: =IF(LEN(COUNTIFS($H$1:H380,$H380,$I$1:I380,$I380,$J$1:J380,$J380,$K$1:K380,K380,$L$1:L380,L380))=1,"00"&COUNTIFS($H$1:H380,$H380,$I$1:I380,$I380,$J$1:J380,$J380,$K$1:K380,K380,$L$1:L380,L380),IF(LEN(COUNTIFS($H$1:H380,$H380,$I$1:I380,$I380,$J$1:J380,$J380,$K$1:K380,K380,$L$1:L380,L380))=2,"0"&COUNTIFS($H$1:H380,$H380,$I$1:I380,$I380,$J$1:J380,$J380,$K$1:K380,K380,$L$1:L380,L380),COUNTIFS($H$1:H380,$H380,$I$1:I380,$I380,$J$1:J380,$J380,$K$1:K380,K380,$L$1:L380,L380))) -> 001 | N380: =VLOOKUP(Table4[[#This Row],[Department]],'Mapping code'!A:B,2,0)&"-"&VLOOKUP(Table4[[#This Row],[Category]],'Mapping code'!E:F,2,0)&"-"&VLOOKUP(Table4[[#This Row],[Machine]],'Mapping code'!I:J,2,0)&"-"&VLOOKUP(Table4[[#This Row],[Product Nature]],'Mapping code'!N:O,2,0)&"-"&VLOOKUP(Table4[[#This Row],[Category2]],'Mapping code'!Q:R,2,0)&"-"&Table4[[#This Row],[Seq]] -> #N/A | O380: =+LEN(Table4[[#This Row],[New Item Code]]) -> #N/A | P380: MP0100 | Q380: Spare parts | T380: Drill
A381: COM-0001 | B381: COMPRESSOR DISPLAY | C381: Normal Spares-NS | D381: 3000 | E381: Yes | F381: 0 | G381: =Table4[[#This Row],[Item Cost]]*Table4[[#This Row],[In Stock]] -> 0 | H381: Spare Parts | I381: Normal Spares | J381: Air Compressor | K381: Common | L381: Common | M381: =IF(LEN(COUNTIFS($H$1:H381,$H381,$I$1:I381,$I381,$J$1:J381,$J381,$K$1:K381,K381,$L$1:L381,L381))=1,"00"&COUNTIFS($H$1:H381,$H381,$I$1:I381,$I381,$J$1:J381,$J381,$K$1:K381,K381,$L$1:L381,L381),IF(LEN(COUNTIFS($H$1:H381,$H381,$I$1:I381,$I381,$J$1:J381,$J381,$K$1:K381,K381,$L$1:L381,L381))=2,"0"&COUNTIFS($H$1:H381,$H381,$I$1:I381,$I381,$J$1:J381,$J381,$K$1:K381,K381,$L$1:L381,L381),COUNTIFS($H$1:H381,$H381,$I$1:I381,$I381,$J$1:J381,$J381,$K$1:K381,K381,$L$1:L381,L381))) -> 001 | N381: =VLOOKUP(Table4[[#This Row],[Department]],'Mapping code'!A:B,2,0)&"-"&VLOOKUP(Table4[[#This Row],[Category]],'Mapping code'!E:F,2,0)&"-"&VLOOKUP(Table4[[#This Row],[Machine]],'Mapping code'!I:J,2,0)&"-"&VLOOKUP(Table4[[#This Row],[Product Nature]],'Mapping code'!N:O,2,0)&"-"&VLOOKUP(Table4[[#This Row],[Category2]],'Mapping code'!Q:R,2,0)&"-"&Table4[[#This Row],[Seq]] -> #N/A | O381: =+LEN(Table4[[#This Row],[New Item Code]]) -> #N/A | P381: MP0100 | Q381: Spare parts | T381: Air Compressor
A382: COM-0004 | B382: Battery CR2450 | C382: Normal Spares-NS | D382: 0 | E382: Yes | F382: 0 | G382: =Table4[[#This Row],[Item Cost]]*Table4[[#This Row],[In Stock]] -> 0 | H382: Spare Parts | I382: Normal Spares | J382: Air Compressor | K382: Common | L382: Common | M382: =IF(LEN(COUNTIFS($H$1:H382,$H382,$I$1:I382,$I382,$J$1:J382,$J382,$K$1:K382,K382,$L$1:L382,L382))=1,"00"&COUNTIFS($H$1:H382,$H382,$I$1:I382,$I382,$J$1:J382,$J382,$K$1:K382,K382,$L$1:L382,L382),IF(LEN(COUNTIFS($H$1:H382,$H382,$I$1:I382,$I382,$J$1:J382,$J382,$K$1:K382,K382,$L$1:L382,L382))=2,"0"&COUNTIFS($H$1:H382,$H382,$I$1:I382,$I382,$J$1:J382,$J382,$K$1:K382,K382,$L$1:L382,L382),COUNTIFS($H$1:H382,$H382,$I$1:I382,$I382,$J$1:J382,$J382,$K$1:K382,K382,$L$1:L382,L382))) -> 002 | N382: =VLOOKUP(Table4[[#This Row],[Department]],'Mapping code'!A:B,2,0)&"-"&VLOOKUP(Table4[[#This Row],[Category]],'Mapping code'!E:F,2,0)&"-"&VLOOKUP(Table4[[#This Row],[Machine]],'Mapping code'!I:J,2,0)&"-"&VLOOKUP(Table4[[#This Row],[Product Nature]],'Mapping code'!N:O,2,0)&"-"&VLOOKUP(Table4[[#This Row],[Category2]],'Mapping code'!Q:R,2,0)&"-"&Table4[[#This Row],[Seq]] -> #N/A | O382: =+LEN(Table4[[#This Row],[New Item Code]]) -> #N/A | P382: MP0100 | Q382: Spare parts | T382: Air Compressor
A383: COM-0005 | B383: Compressor oil 4000H | C383: Critical Spares-CS | D383: 50 | E383: Yes | F383: 19 | G383: =Table4[[#This Row],[Item Cost]]*Table4[[#This Row],[In Stock]] -> 950 | H383: Spare Parts | I383: Critical Spares | J383: Air Compressor | K383: Common | L383: Common | M383: =IF(LEN(COUNTIFS($H$1:H383,$H383,$I$1:I383,$I383,$J$1:J383,$J383,$K$1:K383,K383,$L$1:L383,L383))=1,"00"&COUNTIFS($H$1:H383,$H383,$I$1:I383,$I383,$J$1:J383,$J383,$K$1:K383,K383,$L$1:L383,L383),IF(LEN(COUNTIFS($H$1:H383,$H383,$I$1:I383,$I383,$J$1:J383,$J383,$K$1:K383,K383,$L$1:L383,L383))=2,"0"&COUNTIFS($H$1:H383,$H383,$I$1:I383,$I383,$J$1:J383,$J383,$K$1:K383,K383,$L$1:L383,L383),COUNTIFS($H$1:H383,$H383,$I$1:I383,$I383,$J$1:J383,$J383,$K$1:K383,K383,$L$1:L383,L383))) -> 001 | N383: =VLOOKUP(Table4[[#This Row],[Department]],'Mapping code'!A:B,2,0)&"-"&VLOOKUP(Table4[[#This Row],[Category]],'Mapping code'!E:F,2,0)&"-"&VLOOKUP(Table4[[#This Row],[Machine]],'Mapping code'!I:J,2,0)&"-"&VLOOKUP(Table4[[#This Row],[Product Nature]],'Mapping code'!N:O,2,0)&"-"&VLOOKUP(Table4[[#This Row],[Category2]],'Mapping code'!Q:R,2,0)&"-"&Table4[[#This Row],[Seq]] -> #N/A | O383: =+LEN(Table4[[#This Row],[New Item Code]]) -> #N/A | P383: MP0100 | Q383: Spare parts | T383: Air Compressor
A384: COM-0006 | B384: Lubrication Unit | C384: Maintenance Consumables-MC | D384: 0 | E384: No | F384: 0 | G384: =Table4[[#This Row],[Item Cost]]*Table4[[#This Row],[In Stock]] -> 0 | H384: Spare Parts | I384: Consumables | J384: Air Compressor | K384: Common | L384: Common | M384: =IF(LEN(COUNTIFS($H$1:H384,$H384,$I$1:I384,$I384,$J$1:J384,$J384,$K$1:K384,K384,$L$1:L384,L384))=1,"00"&COUNTIFS($H$1:H384,$H384,$I$1:I384,$I384,$J$1:J384,$J384,$K$1:K384,K384,$L$1:L384,L384),IF(LEN(COUNTIFS($H$1:H384,$H384,$I$1:I384,$I384,$J$1:J384,$J384,$K$1:K384,K384,$L$1:L384,L384))=2,"0"&COUNTIFS($H$1:H384,$H384,$I$1:I384,$I384,$J$1:J384,$J384,$K$1:K384,K384,$L$1:L384,L384),COUNTIFS($H$1:H384,$H384,$I$1:I384,$I384,$J$1:J384,$J384,$K$1:K384,K384,$L$1:L384,L384))) -> 001 | N384: =VLOOKUP(Table4[[#This Row],[Department]],'Mapping code'!A:B,2,0)&"-"&VLOOKUP(Table4[[#This Row],[Category]],'Mapping code'!E:F,2,0)&"-"&VLOOKUP(Table4[[#This Row],[Machine]],'Mapping code'!I:J,2,0)&"-"&VLOOKUP(Table4[[#This Row],[Product Nature]],'Mapping code'!N:O,2,0)&"-"&VLOOKUP(Table4[[#This Row],[Category2]],'Mapping code'!Q:R,2,0)&"-"&Table4[[#This Row],[Seq]] -> #N/A | O384: =+LEN(Table4[[#This Row],[New Item Code]]) -> #N/A | P384: MP0100 | Q384: Spare parts | T384: Air Compressor
A385: COM-0007 | B385: Auto Drain Unit | C385: Maintenance Consumables-MC | D385: 0 | E385: No | F385: 0 | G385: =Table4[[#This Row],[Item Cost]]*Table4[[#This Row],[In Stock]] -> 0 | H385: Spare Parts | I385: Consumables | J385: Air Compressor | K385: Common | L385: Common | M385: =IF(LEN(COUNTIFS($H$1:H385,$H385,$I$1:I385,$I385,$J$1:J385,$J385,$K$1:K385,K385,$L$1:L385,L385))=1,"00"&COUNTIFS($H$1:H385,$H385,$I$1:I385,$I385,$J$1:J385,$J385,$K$1:K385,K385,$L$1:L385,L385),IF(LEN(COUNTIFS($H$1:H385,$H385,$I$1:I385,$I385,$J$1:J385,$J385,$K$1:K385,K385,$L$1:L385,L385))=2,"0"&COUNTIFS($H$1:H385,$H385,$I$1:I385,$I385,$J$1:J385,$J385,$K$1:K385,K385,$L$1:L385,L385),COUNTIFS($H$1:H385,$H385,$I$1:I385,$I385,$J$1:J385,$J385,$K$1:K385,K385,$L$1:L385,L385))) -> 002 | N385: =VLOOKUP(Table4[[#This Row],[Department]],'Mapping code'!A:B,2,0)&"-"&VLOOKUP(Table4[[#This Row],[Category]],'Mapping code'!E:F,2,0)&"-"&VLOOKUP(Table4[[#This Row],[Machine]],'Mapping code'!I:J,2,0)&"-"&VLOOKUP(Table4[[#This Row],[Product Nature]],'Mapping code'!N:O,2,0)&"-"&VLOOKUP(Table4[[#This Row],[Category2]],'Mapping code'!Q:R,2,0)&"-"&Table4[[#This Row],[Seq]] -> #N/A | O385: =+LEN(Table4[[#This Row],[New Item Code]]) -> #N/A | P385: MP0100 | Q385: Spare parts | T385: Air Compressor
A386: COM-0008 | B386: AIR END BEARING KIT | C386: Maintenance Consumables-MC | D386: 0 | E386: No | F386: 0 | G386: =Table4[[#This Row],[Item Cost]]*Table4[[#This Row],[In Stock]] -> 0 | H386: Spare Parts | I386: Consumables | J386: Air Compressor | K386: bearing Acc. | L386: Common | M386: =IF(LEN(COUNTIFS($H$1:H386,$H386,$I$1:I386,$I386,$J$1:J386,$J386,$K$1:K386,K386,$L$1:L386,L386))=1,"00"&COUNTIFS($H$1:H386,$H386,$I$1:I386,$I386,$J$1:J386,$J386,$K$1:K386,K386,$L$1:L386,L386),IF(LEN(COUNTIFS($H$1:H386,$H386,$I$1:I386,$I386,$J$1:J386,$J386,$K$1:K386,K386,$L$1:L386,L386))=2,"0"&COUNTIFS($H$1:H386,$H386,$I$1:I386,$I386,$J$1:J386,$J386,$K$1:K386,K386,$L$1:L386,L386),COUNTIFS($H$1:H386,$H386,$I$1:I386,$I386,$J$1:J386,$J386,$K$1:K386,K386,$L$1:L386,L386))) -> 001 | N386: =VLOOKUP(Table4[[#This Row],[Department]],'Mapping code'!A:B,2,0)&"-"&VLOOKUP(Table4[[#This Row],[Category]],'Mapping code'!E:F,2,0)&"-"&VLOOKUP(Table4[[#This Row],[Machine]],'Mapping code'!I:J,2,0)&"-"&VLOOKUP(Table4[[#This Row],[Product Nature]],'Mapping code'!N:O,2,0)&"-"&VLOOKUP(Table4[[#This Row],[Category2]],'Mapping code'!Q:R,2,0)&"-"&Table4[[#This Row],[Seq]] -> #N/A | O386: =+LEN(Table4[[#This Row],[New Item Code]]) -> #N/A | P386: MP0100 | Q386: Spare parts | T386: Air Compressor
A387: COM-0009 | B387: COMPAIR (GMBH)- AIR END SHAFT SEAL KIT EK175NK | C387: Maintenance Consumables-MC | D387: 0 | E387: No | F387: 0 | G387: =Table4[[#This Row],[Item Cost]]*Table4[[#This Row],[In Stock]] -> 0 | H387: Spare Parts | I387: Consumables | J387: Air Compressor | K387: Common | L387: Common | M387: =IF(LEN(COUNTIFS($H$1:H387,$H387,$I$1:I387,$I387,$J$1:J387,$J387,$K$1:K387,K387,$L$1:L387,L387))=1,"00"&COUNTIFS($H$1:H387,$H387,$I$1:I387,$I387,$J$1:J387,$J387,$K$1:K387,K387,$L$1:L387,L387),IF(LEN(COUNTIFS($H$1:H387,$H387,$I$1:I387,$I387,$J$1:J387,$J387,$K$1:K387,K387,$L$1:L387,L387))=2,"0"&COUNTIFS($H$1:H387,$H387,$I$1:I387,$I387,$J$1:J387,$J387,$K$1:K387,K387,$L$1:L387,L387),COUNTIFS($H$1:H387,$H387,$I$1:I387,$I387,$J$1:J387,$J387,$K$1:K387,K387,$L$1:L387,L387))) -> 003 | N387: =VLOOKUP(Table4[[#This Row],[Department]],'Mapping code'!A:B,2,0)&"-"&VLOOKUP(Table4[[#This Row],[Category]],'Mapping code'!E:F,2,0)&"-"&VLOOKUP(Table4[[#This Row],[Machine]],'Mapping code'!I:J,2,0)&"-"&VLOOKUP(Table4[[#This Row],[Product Nature]],'Mapping code'!N:O,2,0)&"-"&VLOOKUP(Table4[[#This Row],[Category2]],'Mapping code'!Q:R,2,0)&"-"&Table4[[#This Row],[Seq]] -> #N/A | O387: =+LEN(Table4[[#This Row],[New Item Code]]) -> #N/A | P387: MP0100 | Q387: Spare parts | T387: Air Compressor
A388: CTE-0001 | B388: 6EP1334-2BA20 SIEMENS | C388: Critical Spares-CS | D388: 730.83 | E388: Yes | F388: 1 | G388: =Table4[[#This Row],[Item Cost]]*Table4[[#This Row],[In Stock]] -> 730.83 | H388: Spare Parts | I388: Critical Spares | J388: Crimping | K388: Common | L388: Common | M388: =IF(LEN(COUNTIFS($H$1:H388,$H388,$I$1:I388,$I388,$J$1:J388,$J388,$K$1:K388,K388,$L$1:L388,L388))=1,"00"&COUNTIFS($H$1:H388,$H388,$I$1:I388,$I388,$J$1:J388,$J388,$K$1:K388,K388,$L$1:L388,L388),IF(LEN(COUNTIFS($H$1:H388,$H388,$I$1:I388,$I388,$J$1:J388,$J388,$K$1:K388,K388,$L$1:L388,L388))=2,"0"&COUNTIFS($H$1:H388,$H388,$I$1:I388,$I388,$J$1:J388,$J388,$K$1:K388,K388,$L$1:L388,L388),COUNTIFS($H$1:H388,$H388,$I$1:I388,$I388,$J$1:J388,$J388,$K$1:K388,K388,$L$1:L388,L388))) -> 001 | N388: =VLOOKUP(Table4[[#This Row],[Department]],'Mapping code'!A:B,2,0)&"-"&VLOOKUP(Table4[[#This Row],[Category]],'Mapping code'!E:F,2,0)&"-"&VLOOKUP(Table4[[#This Row],[Machine]],'Mapping code'!I:J,2,0)&"-"&VLOOKUP(Table4[[#This Row],[Product Nature]],'Mapping code'!N:O,2,0)&"-"&VLOOKUP(Table4[[#This Row],[Category2]],'Mapping code'!Q:R,2,0)&"-"&Table4[[#This Row],[Seq]] -> #N/A | O388: =+LEN(Table4[[#This Row],[New Item Code]]) -> #N/A | P388: MP0100 | Q388: Spare parts | T388: Crimping
A389: CTE-0002 | B389: 6GK5005-0BA00-1AB2 SIEMENS | C389: Critical Spares-CS | D389: 467.51 | E389: Yes | F389: 0 | G389: =Table4[[#This Row],[Item Cost]]*Table4[[#This Row],[In Stock]] -> 0 | H389: Spare Parts | I389: Critical Spares | J389: Crimping | K389: Common | L389: Common | M389: =IF(LEN(COUNTIFS($H$1:H389,$H389,$I$1:I389,$I389,$J$1:J389,$J389,$K$1:K389,K389,$L$1:L389,L389))=1,"00"&COUNTIFS($H$1:H389,$H389,$I$1:I389,$I389,$J$1:J389,$J389,$K$1:K389,K389,$L$1:L389,L389),IF(LEN(COUNTIFS($H$1:H389,$H389,$I$1:I389,$I389,$J$1:J389,$J389,$K$1:K389,K389,$L$1:L389,L389))=2,"0"&COUNTIFS($H$1:H389,$H389,$I$1:I389,$I389,$J$1:J389,$J389,$K$1:K389,K389,$L$1:L389,L389),COUNTIFS($H$1:H389,$H389,$I$1:I389,$I389,$J$1:J389,$J389,$K$1:K389,K389,$L$1:L389,L389))) -> 002 | N389: =VLOOKUP(Table4[[#This Row],[Department]],'Mapping code'!A:B,2,0)&"-"&VLOOKUP(Table4[[#This Row],[Category]],'Mapping code'!E:F,2,0)&"-"&VLOOKUP(Table4[[#This Row],[Machine]],'Mapping code'!I:J,2,0)&"-"&VLOOKUP(Table4[[#This Row],[Product Nature]],'Mapping code'!N:O,2,0)&"-"&VLOOKUP(Table4[[#This Row],[Category2]],'Mapping code'!Q:R,2,0)&"-"&Table4[[#This Row],[Seq]] -> #N/A | O389: =+LEN(Table4[[#This Row],[New Item Code]]) -> #N/A | P389: MP0100 | Q389: Spare parts | T389: Crimping
A390: CTE-0003 | B390: 6ES72141AG400XB0 SIEMENS | C390: Critical Spares-CS | D390: 1485.89 | E390: Yes | F390: 1 | G390: =Table4[[#This Row],[Item Cost]]*Table4[[#This Row],[In Stock]] -> 1485.89 | H390: Spare Parts | I390: Critical Spares | J390: Crimping | K390: Common | L390: Common | M390: =IF(LEN(COUNTIFS($H$1:H390,$H390,$I$1:I390,$I390,$J$1:J390,$J390,$K$1:K390,K390,$L$1:L390,L390))=1,"00"&COUNTIFS($H$1:H390,$H390,$I$1:I390,$I390,$J$1:J390,$J390,$K$1:K390,K390,$L$1:L390,L390),IF(LEN(COUNTIFS($H$1:H390,$H390,$I$1:I390,$I390,$J$1:J390,$J390,$K$1:K390,K390,$L$1:L390,L390))=2,"0"&COUNTIFS($H$1:H390,$H390,$I$1:I390,$I390,$J$1:J390,$J390,$K$1:K390,K390,$L$1:L390,L390),COUNTIFS($H$1:H390,$H390,$I$1:I390,$I390,$J$1:J390,$J390,$K$1:K390,K390,$L$1:L390,L390))) -> 003 | N390: =VLOOKUP(Table4[[#This Row],[Department]],'Mapping code'!A:B,2,0)&"-"&VLOOKUP(Table4[[#This Row],[Category]],'Mapping code'!E:F,2,0)&"-"&VLOOKUP(Table4[[#This Row],[Machine]],'Mapping code'!I:J,2,0)&"-"&VLOOKUP(Table4[[#This Row],[Product Nature]],'Mapping code'!N:O,2,0)&"-"&VLOOKUP(Table4[[#This Row],[Category2]],'Mapping code'!Q:R,2,0)&"-"&Table4[[#This Row],[Seq]] -> #N/A | O390: =+LEN(Table4[[#This Row],[New Item Code]]) -> #N/A | P390: MP0100 | Q390: Spare parts | T390: Crimping
A391: CTE-0004 | B391: 6ES72231BL320XB0 SIEMENS | C391: Critical Spares-CS | D391: 1108.73 | E391: Yes | F391: 1 | G391: =Table4[[#This Row],[Item Cost]]*Table4[[#This Row],[In Stock]] -> 1108.73 | H391: Spare Parts | I391: Critical Spares | J391: Crimping | K391: Common | L391: Common | M391: =IF(LEN(COUNTIFS($H$1:H391,$H391,$I$1:I391,$I391,$J$1:J391,$J391,$K$1:K391,K391,$L$1:L391,L391))=1,"00"&COUNTIFS($H$1:H391,$H391,$I$1:I391,$I391,$J$1:J391,$J391,$K$1:K391,K391,$L$1:L391,L391),IF(LEN(COUNTIFS($H$1:H391,$H391,$I$1:I391,$I391,$J$1:J391,$J391,$K$1:K391,K391,$L$1:L391,L391))=2,"0"&COUNTIFS($H$1:H391,$H391,$I$1:I391,$I391,$J$1:J391,$J391,$K$1:K391,K391,$L$1:L391,L391),COUNTIFS($H$1:H391,$H391,$I$1:I391,$I391,$J$1:J391,$J391,$K$1:K391,K391,$L$1:L391,L391))) -> 004 | N391: =VLOOKUP(Table4[[#This Row],[Department]],'Mapping code'!A:B,2,0)&"-"&VLOOKUP(Table4[[#This Row],[Category]],'Mapping code'!E:F,2,0)&"-"&VLOOKUP(Table4[[#This Row],[Machine]],'Mapping code'!I:J,2,0)&"-"&VLOOKUP(Table4[[#This Row],[Product Nature]],'Mapping code'!N:O,2,0)&"-"&VLOOKUP(Table4[[#This Row],[Category2]],'Mapping code'!Q:R,2,0)&"-"&Table4[[#This Row],[Seq]] -> #N/A | O391: =+LEN(Table4[[#This Row],[New Item Code]]) -> #N/A | P391: MP0100 | Q391: Spare parts | T391: Crimping
... A580: DUG-0262 | B580: Refurbished - Single Motor Module | C580: Critical Spares-CS | D580: 2800 | E580: Yes | F580: 1 | G580: =Table4[[#This Row],[Item Cost]]*Table4[[#This Row],[In Stock]] -> 2800 | H580: Spare Parts | I580: Critical Spares | J580: Dugard | K580: Common | L580: Common | M580: =IF(LEN(COUNTIFS($H$1:H580,$H580,$I$1:I580,$I580,$J$1:J580,$J580,$K$1:K580,K580,$L$1:L580,L580))=1,"00"&COUNTIFS($H$1:H580,$H580,$I$1:I580,$I580,$J$1:J580,$J580,$K$1:K580,K580,$L$1:L580,L580),IF(LEN(COUNTIFS($H$1:H580,$H580,$I$1:I580,$I580,$J$1:J580,$J580,$K$1:K580,K580,$L$1:L580,L580))=2,"0"&COUNTIFS($H$1:H580,$H580,$I$1:I580,$I580,$J$1:J580,$J580,$K$1:K580,K580,$L$1:L580,L580),COUNTIFS($H$1:H580,$H580,$I$1:I580,$I580,$J$1:J580,$J580,$K$1:K580,K580,$L$1:L580,L580))) -> 020 | N580: =VLOOKUP(Table4[[#This Row],[Department]],'Mapping code'!A:B,2,0)&"-"&VLOOKUP(Table4[[#This Row],[Category]],'Mapping code'!E:F,2,0)&"-"&VLOOKUP(Table4[[#This Row],[Machine]],'Mapping code'!I:J,2,0)&"-"&VLOOKUP(Table4[[#This Row],[Product Nature]],'Mapping code'!N:O,2,0)&"-"&VLOOKUP(Table4[[#This Row],[Category2]],'Mapping code'!Q:R,2,0)&"-"&Table4[[#This Row],[Seq]] -> #N/A | O580: =+LEN(Table4[[#This Row],[New Item Code]]) -> #N/A | P580: MP0100 | Q580: Spare parts | T580: Dugard
A581: DUG-0263 | B581: Refurbished - Conveyor Motor | C581: Normal Spares-NS | D581: 2750 | E581: Yes | F581: 2 | G581: =Table4[[#This Row],[Item Cost]]*Table4[[#This Row],[In Stock]] -> 5500 | H581: Spare Parts | I581: Normal Spares | J581: Dugard | K581: Common | L581: Common | M581: =IF(LEN(COUNTIFS($H$1:H581,$H581,$I$1:I581,$I581,$J$1:J581,$J581,$K$1:K581,K581,$L$1:L581,L581))=1,"00"&COUNTIFS($H$1:H581,$H581,$I$1:I581,$I581,$J$1:J581,$J581,$K$1:K581,K581,$L$1:L581,L581),IF(LEN(COUNTIFS($H$1:H581,$H581,$I$1:I581,$I581,$J$1:J581,$J581,$K$1:K581,K581,$L$1:L581,L581))=2,"0"&COUNTIFS($H$1:H581,$H581,$I$1:I581,$I581,$J$1:J581,$J581,$K$1:K581,K581,$L$1:L581,L581),COUNTIFS($H$1:H581,$H581,$I$1:I581,$I581,$J$1:J581,$J581,$K$1:K581,K581,$L$1:L581,L581))) -> 057 | N581: =VLOOKUP(Table4[[#This Row],[Department]],'Mapping code'!A:B,2,0)&"-"&VLOOKUP(Table4[[#This Row],[Category]],'Mapping code'!E:F,2,0)&"-"&VLOOKUP(Table4[[#This Row],[Machine]],'Mapping code'!I:J,2,0)&"-"&VLOOKUP(Table4[[#This Row],[Product Nature]],'Mapping code'!N:O,2,0)&"-"&VLOOKUP(Table4[[#This Row],[Category2]],'Mapping code'!Q:R,2,0)&"-"&Table4[[#This Row],[Seq]] -> #N/A | O581: =+LEN(Table4[[#This Row],[New Item Code]]) -> #N/A | P581: MP0100 | Q581: Spare parts | T581: #N/A
A582: DUG-0264 | B582: Refurbished - Arm Motor | C582: Normal Spares-NS | D582: 3500 | E582: Yes | F582: 1 | G582: =Table4[[#This Row],[Item Cost]]*Table4[[#This Row],[In Stock]] -> 3500 | H582: Spare Parts | I582: Normal Spares | J582: Dugard | K582: Common | L582: Common | M582: =IF(LEN(COUNTIFS($H$1:H582,$H582,$I$1:I582,$I582,$J$1:J582,$J582,$K$1:K582,K582,$L$1:L582,L582))=1,"00"&COUNTIFS($H$1:H582,$H582,$I$1:I582,$I582,$J$1:J582,$J582,$K$1:K582,K582,$L$1:L582,L582),IF(LEN(COUNTIFS($H$1:H582,$H582,$I$1:I582,$I582,$J$1:J582,$J582,$K$1:K582,K582,$L$1:L582,L582))=2,"0"&COUNTIFS($H$1:H582,$H582,$I$1:I582,$I582,$J$1:J582,$J582,$K$1:K582,K582,$L$1:L582,L582),COUNTIFS($H$1:H582,$H582,$I$1:I582,$I582,$J$1:J582,$J582,$K$1:K582,K582,$L$1:L582,L582))) -> 058 | N582: =VLOOKUP(Table4[[#This Row],[Department]],'Mapping code'!A:B,2,0)&"-"&VLOOKUP(Table4[[#This Row],[Category]],'Mapping code'!E:F,2,0)&"-"&VLOOKUP(Table4[[#This Row],[Machine]],'Mapping code'!I:J,2,0)&"-"&VLOOKUP(Table4[[#This Row],[Product Nature]],'Mapping code'!N:O,2,0)&"-"&VLOOKUP(Table4[[#This Row],[Category2]],'Mapping code'!Q:R,2,0)&"-"&Table4[[#This Row],[Seq]] -> #N/A | O582: =+LEN(Table4[[#This Row],[New Item Code]]) -> #N/A | P582: MP0100 | Q582: Spare parts | T582: #N/A
A583: DUG-0265 | B583: Unclamp cylinder 307037 | C583: Critical Spares-CS | D583: 0 | E583: Yes | F583: 0 | G583: =Table4[[#This Row],[Item Cost]]*Table4[[#This Row],[In Stock]] -> 0 | H583: Spare Parts | I583: Critical Spares | J583: Dugard | K583: Common | L583: Common | M583: =IF(LEN(COUNTIFS($H$1:H583,$H583,$I$1:I583,$I583,$J$1:J583,$J583,$K$1:K583,K583,$L$1:L583,L583))=1,"00"&COUNTIFS($H$1:H583,$H583,$I$1:I583,$I583,$J$1:J583,$J583,$K$1:K583,K583,$L$1:L583,L583),IF(LEN(COUNTIFS($H$1:H583,$H583,$I$1:I583,$I583,$J$1:J583,$J583,$K$1:K583,K583,$L$1:L583,L583))=2,"0"&COUNTIFS($H$1:H583,$H583,$I$1:I583,$I583,$J$1:J583,$J583,$K$1:K583,K583,$L$1:L583,L583),COUNTIFS($H$1:H583,$H583,$I$1:I583,$I583,$J$1:J583,$J583,$K$1:K583,K583,$L$1:L583,L583))) -> 021 | N583: =VLOOKUP(Table4[[#This Row],[Department]],'Mapping code'!A:B,2,0)&"-"&VLOOKUP(Table4[[#This Row],[Category]],'Mapping code'!E:F,2,0)&"-"&VLOOKUP(Table4[[#This Row],[Machine]],'Mapping code'!I:J,2,0)&"-"&VLOOKUP(Table4[[#This Row],[Product Nature]],'Mapping code'!N:O,2,0)&"-"&VLOOKUP(Table4[[#This Row],[Category2]],'Mapping code'!Q:R,2,0)&"-"&Table4[[#This Row],[Seq]] -> #N/A | O583: =+LEN(Table4[[#This Row],[New Item Code]]) -> #N/A | P583: MP0100 | Q583: Spare parts | T583: #N/A
A584: DUG-0266 | B584: Refurbished - SPINDLE 760E | C584: Critical Spares-CS | D584: 0 | E584: Yes | F584: 0 | G584: =Table4[[#This Row],[Item Cost]]*Table4[[#This Row],[In Stock]] -> 0 | H584: Spare Parts | I584: Critical Spares | J584: Dugard | K584: Spindle | L584: Common | M584: =IF(LEN(COUNTIFS($H$1:H584,$H584,$I$1:I584,$I584,$J$1:J584,$J584,$K$1:K584,K584,$L$1:L584,L584))=1,"00"&COUNTIFS($H$1:H584,$H584,$I$1:I584,$I584,$J$1:J584,$J584,$K$1:K584,K584,$L$1:L584,L584),IF(LEN(COUNTIFS($H$1:H584,$H584,$I$1:I584,$I584,$J$1:J584,$J584,$K$1:K584,K584,$L$1:L584,L584))=2,"0"&COUNTIFS($H$1:H584,$H584,$I$1:I584,$I584,$J$1:J584,$J584,$K$1:K584,K584,$L$1:L584,L584),COUNTIFS($H$1:H584,$H584,$I$1:I584,$I584,$J$1:J584,$J584,$K$1:K584,K584,$L$1:L584,L584))) -> 003 | N584: =VLOOKUP(Table4[[#This Row],[Department]],'Mapping code'!A:B,2,0)&"-"&VLOOKUP(Table4[[#This Row],[Category]],'Mapping code'!E:F,2,0)&"-"&VLOOKUP(Table4[[#This Row],[Machine]],'Mapping code'!I:J,2,0)&"-"&VLOOKUP(Table4[[#This Row],[Product Nature]],'Mapping code'!N:O,2,0)&"-"&VLOOKUP(Table4[[#This Row],[Category2]],'Mapping code'!Q:R,2,0)&"-"&Table4[[#This Row],[Seq]] -> #N/A | O584: =+LEN(Table4[[#This Row],[New Item Code]]) -> #N/A | P584: MP0100 | Q584: Spare parts | T584: #N/A
A585: EGF-001 | B585: WHE2500-2ARD High Power Pneumatic Swing Clamp | C585: Normal Spares-NS | D585: 2344.298 | E585: Yes | F585: 4 | G585: =Table4[[#This Row],[Item Cost]]*Table4[[#This Row],[In Stock]] -> 9377.192 | H585: Spare Parts | I585: Normal Spares | J585: Fixtures | K585: Common | L585: Emmegi fixtures | M585: =IF(LEN(COUNTIFS($H$1:H585,$H585,$I$1:I585,$I585,$J$1:J585,$J585,$K$1:K585,K585,$L$1:L585,L585))=1,"00"&COUNTIFS($H$1:H585,$H585,$I$1:I585,$I585,$J$1:J585,$J585,$K$1:K585,K585,$L$1:L585,L585),IF(LEN(COUNTIFS($H$1:H585,$H585,$I$1:I585,$I585,$J$1:J585,$J585,$K$1:K585,K585,$L$1:L585,L585))=2,"0"&COUNTIFS($H$1:H585,$H585,$I$1:I585,$I585,$J$1:J585,$J585,$K$1:K585,K585,$L$1:L585,L585),COUNTIFS($H$1:H585,$H585,$I$1:I585,$I585,$J$1:J585,$J585,$K$1:K585,K585,$L$1:L585,L585))) -> 001 | N585: =VLOOKUP(Table4[[#This Row],[Department]],'Mapping code'!A:B,2,0)&"-"&VLOOKUP(Table4[[#This Row],[Category]],'Mapping code'!E:F,2,0)&"-"&VLOOKUP(Table4[[#This Row],[Machine]],'Mapping code'!I:J,2,0)&"-"&VLOOKUP(Table4[[#This Row],[Product Nature]],'Mapping code'!N:O,2,0)&"-"&VLOOKUP(Table4[[#This Row],[Category2]],'Mapping code'!Q:R,2,0)&"-"&Table4[[#This Row],[Seq]] -> #N/A | O585: =+LEN(Table4[[#This Row],[New Item Code]]) -> #N/A | P585: MP0100 | Q585: Spare parts | T585: Emmegi fixtures
A586: EGF-002 | B586: WHE1600-2ARD High Power Pneumatic Swing Clamp | C586: Normal Spares-NS | D586: 2122.875 | E586: Yes | F586: 2 | G586: =Table4[[#This Row],[Item Cost]]*Table4[[#This Row],[In Stock]] -> 4245.75 | H586: Spare Parts | I586: Normal Spares | J586: Fixtures | K586: Common | L586: Emmegi fixtures | M586: =IF(LEN(COUNTIFS($H$1:H586,$H586,$I$1:I586,$I586,$J$1:J586,$J586,$K$1:K586,K586,$L$1:L586,L586))=1,"00"&COUNTIFS($H$1:H586,$H586,$I$1:I586,$I586,$J$1:J586,$J586,$K$1:K586,K586,$L$1:L586,L586),IF(LEN(COUNTIFS($H$1:H586,$H586,$I$1:I586,$I586,$J$1:J586,$J586,$K$1:K586,K586,$L$1:L586,L586))=2,"0"&COUNTIFS($H$1:H586,$H586,$I$1:I586,$I586,$J$1:J586,$J586,$K$1:K586,K586,$L$1:L586,L586),COUNTIFS($H$1:H586,$H586,$I$1:I586,$I586,$J$1:J586,$J586,$K$1:K586,K586,$L$1:L586,L586))) -> 002 | N586: =VLOOKUP(Table4[[#This Row],[Department]],'Mapping code'!A:B,2,0)&"-"&VLOOKUP(Table4[[#This Row],[Category]],'Mapping code'!E:F,2,0)&"-"&VLOOKUP(Table4[[#This Row],[Machine]],'Mapping code'!I:J,2,0)&"-"&VLOOKUP(Table4[[#This Row],[Product Nature]],'Mapping code'!N:O,2,0)&"-"&VLOOKUP(Table4[[#This Row],[Category2]],'Mapping code'!Q:R,2,0)&"-"&Table4[[#This Row],[Seq]] -> #N/A | O586: =+LEN(Table4[[#This Row],[New Item Code]]) -> #N/A | P586: MP0100 | Q586: Spare parts | T586: Emmegi fixtures
A587: EGF-003 | B587: WNC3003-L-E High Power Pneumatic Work Support | C587: Normal Spares-NS | D587: 1439.148 | E587: Yes | F587: 4 | G587: =Table4[[#This Row],[Item Cost]]*Table4[[#This Row],[In Stock]] -> 5756.592 | H587: Spare Parts | I587: Normal Spares | J587: Fixtures | K587: Common | L587: Emmegi fixtures | M587: =IF(LEN(COUNTIFS($H$1:H587,$H587,$I$1:I587,$I587,$J$1:J587,$J587,$K$1:K587,K587,$L$1:L587,L587))=1,"00"&COUNTIFS($H$1:H587,$H587,$I$1:I587,$I587,$J$1:J587,$J587,$K$1:K587,K587,$L$1:L587,L587),IF(LEN(COUNTIFS($H$1:H587,$H587,$I$1:I587,$I587,$J$1:J587,$J587,$K$1:K587,K587,$L$1:L587,L587))=2,"0"&COUNTIFS($H$1:H587,$H587,$I$1:I587,$I587,$J$1:J587,$J587,$K$1:K587,K587,$L$1:L587,L587),COUNTIFS($H$1:H587,$H587,$I$1:I587,$I587,$J$1:J587,$J587,$K$1:K587,K587,$L$1:L587,L587))) -> 003 | N587: =VLOOKUP(Table4[[#This Row],[Department]],'Mapping code'!A:B,2,0)&"-"&VLOOKUP(Table4[[#This Row],[Category]],'Mapping code'!E:F,2,0)&"-"&VLOOKUP(Table4[[#This Row],[Machine]],'Mapping code'!I:J,2,0)&"-"&VLOOKUP(Table4[[#This Row],[Product Nature]],'Mapping code'!N:O,2,0)&"-"&VLOOKUP(Table4[[#This Row],[Category2]],'Mapping code'!Q:R,2,0)&"-"&Table4[[#This Row],[Seq]] -> #N/A | O587: =+LEN(Table4[[#This Row],[New Item Code]]) -> #N/A | P587: MP0100 | Q587: Spare parts | T587: Emmegi fixtures
A588: EGF-004 | B588: WHZ1600-T Material for Taper Lock Swing Lever Type WHA/WHE | C588: Normal Spares-NS | D588: 149.77 | E588: Yes | F588: 2 | G588: =Table4[[#This Row],[Item Cost]]*Table4[[#This Row],[In Stock]] -> 299.54 | H588: Spare Parts | I588: Normal Spares | J588: Fixtures | K588: Common | L588: Emmegi fixtures | M588: =IF(LEN(COUNTIFS($H$1:H588,$H588,$I$1:I588,$I588,$J$1:J588,$J588,$K$1:K588,K588,$L$1:L588,L588))=1,"00"&COUNTIFS($H$1:H588,$H588,$I$1:I588,$I588,$J$1:J588,$J588,$K$1:K588,K588,$L$1:L588,L588),IF(LEN(COUNTIFS($H$1:H588,$H588,$I$1:I588,$I588,$J$1:J588,$J588,$K$1:K588,K588,$L$1:L588,L588))=2,"0"&COUNTIFS($H$1:H588,$H588,$I$1:I588,$I588,$J$1:J588,$J588,$K$1:K588,K588,$L$1:L588,L588),COUNTIFS($H$1:H588,$H588,$I$1:I588,$I588,$J$1:J588,$J588,$K$1:K588,K588,$L$1:L588,L588))) -> 004 | N588: =VLOOKUP(Table4[[#This Row],[Department]],'Mapping code'!A:B,2,0)&"-"&VLOOKUP(Table4[[#This Row],[Category]],'Mapping code'!E:F,2,0)&"-"&VLOOKUP(Table4[[#This Row],[Machine]],'Mapping code'!I:J,2,0)&"-"&VLOOKUP(Table4[[#This Row],[Product Nature]],'Mapping code'!N:O,2,0)&"-"&VLOOKUP(Table4[[#This Row],[Category2]],'Mapping code'!Q:R,2,0)&"-"&Table4[[#This Row],[Seq]] -> #N/A | O588: =+LEN(Table4[[#This Row],[New Item Code]]) -> #N/A | P588: MP0100 | Q588: Spare parts | T588: Emmegi fixtures
A589: EGF-005 | B589: BZW0100-A Air Flow Control Valve | C589: Normal Spares-NS | D589: 149.768 | E589: Yes | F589: 10 | G589: =Table4[[#This Row],[Item Cost]]*Table4[[#This Row],[In Stock]] -> 1497.68 | H589: Spare Parts | I589: Normal Spares | J589: Fixtures | K589: valve | L589: Emmegi fixtures | M589: =IF(LEN(COUNTIFS($H$1:H589,$H589,$I$1:I589,$I589,$J$1:J589,$J589,$K$1:K589,K589,$L$1:L589,L589))=1,"00"&COUNTIFS($H$1:H589,$H589,$I$1:I589,$I589,$J$1:J589,$J589,$K$1:K589,K589,$L$1:L589,L589),IF(LEN(COUNTIFS($H$1:H589,$H589,$I$1:I589,$I589,$J$1:J589,$J589,$K$1:K589,K589,$L$1:L589,L589))=2,"0"&COUNTIFS($H$1:H589,$H589,$I$1:I589,$I589,$J$1:J589,$J589,$K$1:K589,K589,$L$1:L589,L589),COUNTIFS($H$1:H589,$H589,$I$1:I589,$I589,$J$1:J589,$J589,$K$1:K589,K589,$L$1:L589,L589))) -> 001 | N589: =VLOOKUP(Table4[[#This Row],[Department]],'Mapping code'!A:B,2,0)&"-"&VLOOKUP(Table4[[#This Row],[Category]],'Mapping code'!E:F,2,0)&"-"&VLOOKUP(Table4[[#This Row],[Machine]],'Mapping code'!I:J,2,0)&"-"&VLOOKUP(Table4[[#This Row],[Product Nature]],'Mapping code'!N:O,2,0)&"-"&VLOOKUP(Table4[[#This Row],[Category2]],'Mapping code'!Q:R,2,0)&"-"&Table4[[#This Row],[Seq]] -> #N/A | O589: =+LEN(Table4[[#This Row],[New Item Code]]) -> #N/A | P589: MP0100 | Q589: Spare parts | T589: Emmegi fixtures
A590: EGF-006 | B590: WCE2502-2ACD High Power Pneumatic Link Clamp | C590: Normal Spares-NS | D590: 1751.722 | E590: Yes | F590: 5 | G590: =Table4[[#This Row],[Item Cost]]*Table4[[#This Row],[In Stock]] -> 8758.61 | H590: Spare Parts | I590: Normal Spares | J590: Fixtures | K590: Common | L590: Emmegi fixtures | M590: =IF(LEN(COUNTIFS($H$1:H590,$H590,$I$1:I590,$I590,$J$1:J590,$J590,$K$1:K590,K590,$L$1:L590,L590))=1,"00"&COUNTIFS($H$1:H590,$H590,$I$1:I590,$I590,$J$1:J590,$J590,$K$1:K590,K590,$L$1:L590,L590),IF(LEN(COUNTIFS($H$1:H590,$H590,$I$1:I590,$I590,$J$1:J590,$J590,$K$1:K590,K590,$L$1:L590,L590))=2,"0"&COUNTIFS($H$1:H590,$H590,$I$1:I590,$I590,$J$1:J590,$J590,$K$1:K590,K590,$L$1:L590,L590),COUNTIFS($H$1:H590,$H590,$I$1:I590,$I590,$J$1:J590,$J590,$K$1:K590,K590,$L$1:L590,L590))) -> 005 | N590: =VLOOKUP(Table4[[#This Row],[Department]],'Mapping code'!A:B,2,0)&"-"&VLOOKUP(Table4[[#This Row],[Category]],'Mapping code'!E:F,2,0)&"-"&VLOOKUP(Table4[[#This Row],[Machine]],'Mapping code'!I:J,2,0)&"-"&VLOOKUP(Table4[[#This Row],[Product Nature]],'Mapping code'!N:O,2,0)&"-"&VLOOKUP(Table4[[#This Row],[Category2]],'Mapping code'!Q:R,2,0)&"-"&Table4[[#This Row],[Seq]] -> #N/A | O590: =+LEN(Table4[[#This Row],[New Item Code]]) -> #N/A | P590: MP0100 | Q590: Spare parts | T590: Emmegi fixtures
A591: EGF-007 | B591: BZW0100-B Air Flow Control Valve | C591: Normal Spares-NS | D591: 149.768 | E591: Yes | F591: 8 | G591: =Table4[[#This Row],[Item Cost]]*Table4[[#This Row],[In Stock]] -> 1198.144 | H591: Spare Parts | I591: Normal Spares | J591: Fixtures | K591: valve | L591: Emmegi fixtures | M591: =IF(LEN(COUNTIFS($H$1:H591,$H591,$I$1:I591,$I591,$J$1:J591,$J591,$K$1:K591,K591,$L$1:L591,L591))=1,"00"&COUNTIFS($H$1:H591,$H591,$I$1:I591,$I591,$J$1:J591,$J591,$K$1:K591,K591,$L$1:L591,L591),IF(LEN(COUNTIFS($H$1:H591,$H591,$I$1:I591,$I591,$J$1:J591,$J591,$K$1:K591,K591,$L$1:L591,L591))=2,"0"&COUNTIFS($H$1:H591,$H591,$I$1:I591,$I591,$J$1:J591,$J591,$K$1:K591,K591,$L$1:L591,L591),COUNTIFS($H$1:H591,$H591,$I$1:I591,$I591,$J$1:J591,$J591,$K$1:K591,K591,$L$1:L591,L591))) -> 002 | N591: =VLOOKUP(Table4[[#This Row],[Department]],'Mapping code'!A:B,2,0)&"-"&VLOOKUP(Table4[[#This Row],[Category]],'Mapping code'!E:F,2,0)&"-"&VLOOKUP(Table4[[#This Row],[Machine]],'Mapping code'!I:J,2,0)&"-"&VLOOKUP(Table4[[#This Row],[Product Nature]],'Mapping code'!N:O,2,0)&"-"&VLOOKUP(Table4[[#This Row],[Category2]],'Mapping code'!Q:R,2,0)&"-"&Table4[[#This Row],[Seq]] -> #N/A | O591: =+LEN(Table4[[#This Row],[New Item Code]]) -> #N/A | P591: MP0100 | Q591: Spare parts | T591: Emmegi fixtures
A592: EGF-008 | B592: SMC KQ2L06-M5A | C592: Normal Spares-NS | D592: 8.592 | E592: Yes | F592: 5 | G592: =Table4[[#This Row],[Item Cost]]*Table4[[#This Row],[In Stock]] -> 42.96 | H592: Spare Parts | I592: Normal Spares | J592: Fixtures | K592: Common | L592: Emmegi fixtures | M592: =IF(LEN(COUNTIFS($H$1:H592,$H592,$I$1:I592,$I592,$J$1:J592,$J592,$K$1:K592,K592,$L$1:L592,L592))=1,"00"&COUNTIFS($H$1:H592,$H592,$I$1:I592,$I592,$J$1:J592,$J592,$K$1:K592,K592,$L$1:L592,L592),IF(LEN(COUNTIFS($H$1:H592,$H592,$I$1:I592,$I592,$J$1:J592,$J592,$K$1:K592,K592,$L$1:L592,L592))=2,"0"&COUNTIFS($H$1:H592,$H592,$I$1:I592,$I592,$J$1:J592,$J592,$K$1:K592,K592,$L$1:L592,L592),COUNTIFS($H$1:H592,$H592,$I$1:I592,$I592,$J$1:J592,$J592,$K$1:K592,K592,$L$1:L592,L592))) -> 006 | N592: =VLOOKUP(Table4[[#This Row],[Department]],'Mapping code'!A:B,2,0)&"-"&VLOOKUP(Table4[[#This Row],[Category]],'Mapping code'!E:F,2,0)&"-"&VLOOKUP(Table4[[#This Row],[Machine]],'Mapping code'!I:J,2,0)&"-"&VLOOKUP(Table4[[#This Row],[Product Nature]],'Mapping code'!N:O,2,0)&"-"&VLOOKUP(Table4[[#This Row],[Category2]],'Mapping code'!Q:R,2,0)&"-"&Table4[[#This Row],[Seq]] -> #N/A | O592: =+LEN(Table4[[#This Row],[New Item Code]]) -> #N/A | P592: MP0100 | Q592: Spare parts | T592: Emmegi fixtures
A593: EGF-009 | B593: SMC MGPM40-25Z-M9PL | C593: Normal Spares-NS | D593: 910 | E593: Yes | F593: 2 | G593: =Table4[[#This Row],[Item Cost]]*Table4[[#This Row],[In Stock]] -> 1820 | H593: Spare Parts | I593: Normal Spares | J593: Fixtures | K593: Common | L593: Emmegi fixtures | M593: =IF(LEN(COUNTIFS($H$1:H593,$H593,$I$1:I593,$I593,$J$1:J593,$J593,$K$1:K593,K593,$L$1:L593,L593))=1,"00"&COUNTIFS($H$1:H593,$H593,$I$1:I593,$I593,$J$1:J593,$J593,$K$1:K593,K593,$L$1:L593,L593),IF(LEN(COUNTIFS($H$1:H593,$H593,$I$1:I593,$I593,$J$1:J593,$J593,$K$1:K593,K593,$L$1:L593,L593))=2,"0"&COUNTIFS($H$1:H593,$H593,$I$1:I593,$I593,$J$1:J593,$J593,$K$1:K593,K593,$L$1:L593,L593),COUNTIFS($H$1:H593,$H593,$I$1:I593,$I593,$J$1:J593,$J593,$K$1:K593,K593,$L$1:L593,L593))) -> 007 | N593: =VLOOKUP(Table4[[#This Row],[Department]],'Mapping code'!A:B,2,0)&"-"&VLOOKUP(Table4[[#This Row],[Category]],'Mapping code'!E:F,2,0)&"-"&VLOOKUP(Table4[[#This Row],[Machine]],'Mapping code'!I:J,2,0)&"-"&VLOOKUP(Table4[[#This Row],[Product Nature]],'Mapping code'!N:O,2,0)&"-"&VLOOKUP(Table4[[#This Row],[Category2]],'Mapping code'!Q:R,2,0)&"-"&Table4[[#This Row],[Seq]] -> #N/A | O593: =+LEN(Table4[[#This Row],[New Item Code]]) -> #N/A | P593: MP0100 | Q593: Spare parts | T593: Emmegi fixtures
A594: EGF-010 | B594: SMC KQ2L06-01NS1 | C594: Normal Spares-NS | D594: 11 | E594: Yes | F594: 5 | G594: =Table4[[#This Row],[Item Cost]]*Table4[[#This Row],[In Stock]] -> 55 | H594: Spare Parts | I594: Normal Spares | J594: Fixtures | K594: Common | L594: Emmegi fixtures | M594: =IF(LEN(COUNTIFS($H$1:H594,$H594,$I$1:I594,$I594,$J$1:J594,$J594,$K$1:K594,K594,$L$1:L594,L594))=1,"00"&COUNTIFS($H$1:H594,$H594,$I$1:I594,$I594,$J$1:J594,$J594,$K$1:K594,K594,$L$1:L594,L594),IF(LEN(COUNTIFS($H$1:H594,$H594,$I$1:I594,$I594,$J$1:J594,$J594,$K$1:K594,K594,$L$1:L594,L594))=2,"0"&COUNTIFS($H$1:H594,$H594,$I$1:I594,$I594,$J$1:J594,$J594,$K$1:K594,K594,$L$1:L594,L594),COUNTIFS($H$1:H594,$H594,$I$1:I594,$I594,$J$1:J594,$J594,$K$1:K594,K594,$L$1:L594,L594))) -> 008 | N594: =VLOOKUP(Table4[[#This Row],[Department]],'Mapping code'!A:B,2,0)&"-"&VLOOKUP(Table4[[#This Row],[Category]],'Mapping code'!E:F,2,0)&"-"&VLOOKUP(Table4[[#This Row],[Machine]],'Mapping code'!I:J,2,0)&"-"&VLOOKUP(Table4[[#This Row],[Product Nature]],'Mapping code'!N:O,2,0)&"-"&VLOOKUP(Table4[[#This Row],[Category2]],'Mapping code'!Q:R,2,0)&"-"&Table4[[#This Row],[Seq]] -> #N/A | O594: =+LEN(Table4[[#This Row],[New Item Code]]) -> #N/A | P594: MP0100 | Q594: Spare parts | T594: Emmegi fixtures
A595: EGF-011 | B595: E2E-X7D112 2M Omron | C595: Normal Spares-NS | D595: 110 | E595: Yes | F595: 2 | G595: =Table4[[#This Row],[Item Cost]]*Table4[[#This Row],[In Stock]] -> 220 | H595: Spare Parts | I595: Normal Spares | J595: Fixtures | K595: Common | L595: Emmegi fixtures | M595: =IF(LEN(COUNTIFS($H$1:H595,$H595,$I$1:I595,$I595,$J$1:J595,$J595,$K$1:K595,K595,$L$1:L595,L595))=1,"00"&COUNTIFS($H$1:H595,$H595,$I$1:I595,$I595,$J$1:J595,$J595,$K$1:K595,K595,$L$1:L595,L595),IF(LEN(COUNTIFS($H$1:H595,$H595,$I$1:I595,$I595,$J$1:J595,$J595,$K$1:K595,K595,$L$1:L595,L595))=2,"0"&COUNTIFS($H$1:H595,$H595,$I$1:I595,$I595,$J$1:J595,$J595,$K$1:K595,K595,$L$1:L595,L595),COUNTIFS($H$1:H595,$H595,$I$1:I595,$I595,$J$1:J595,$J595,$K$1:K595,K595,$L$1:L595,L595))) -> 009 | N595: =VLOOKUP(Table4[[#This Row],[Department]],'Mapping code'!A:B,2,0)&"-"&VLOOKUP(Table4[[#This Row],[Category]],'Mapping code'!E:F,2,0)&"-"&VLOOKUP(Table4[[#This Row],[Machine]],'Mapping code'!I:J,2,0)&"-"&VLOOKUP(Table4[[#This Row],[Product Nature]],'Mapping code'!N:O,2,0)&"-"&VLOOKUP(Table4[[#This Row],[Category2]],'Mapping code'!Q:R,2,0)&"-"&Table4[[#This Row],[Seq]] -> #N/A | O595: =+LEN(Table4[[#This Row],[New Item Code]]) -> #N/A | P595: MP0100 | Q595: Spare parts | T595: Emmegi fixtures
A596: EGF-012 | B596: E2EX4B3DL12-M1 Omron | C596: Normal Spares-NS | D596: 145 | E596: Yes | F596: 2 | G596: =Table4[[#This Row],[Item Cost]]*Table4[[#This Row],[In Stock]] -> 290 | H596: Spare Parts | I596: Normal Spares | J596: Fixtures | K596: Common | L596: Emmegi fixtures | M596: =IF(LEN(COUNTIFS($H$1:H596,$H596,$I$1:I596,$I596,$J$1:J596,$J596,$K$1:K596,K596,$L$1:L596,L596))=1,"00"&COUNTIFS($H$1:H596,$H596,$I$1:I596,$I596,$J$1:J596,$J596,$K$1:K596,K596,$L$1:L596,L596),IF(LEN(COUNTIFS($H$1:H596,$H596,$I$1:I596,$I596,$J$1:J596,$J596,$K$1:K596,K596,$L$1:L596,L596))=2,"0"&COUNTIFS($H$1:H596,$H596,$I$1:I596,$I596,$J$1:J596,$J596,$K$1:K596,K596,$L$1:L596,L596),COUNTIFS($H$1:H596,$H596,$I$1:I596,$I596,$J$1:J596,$J596,$K$1:K596,K596,$L$1:L596,L596))) -> 010 | N596: =VLOOKUP(Table4[[#This Row],[Department]],'Mapping code'!A:B,2,0)&"-"&VLOOKUP(Table4[[#This Row],[Category]],'Mapping code'!E:F,2,0)&"-"&VLOOKUP(Table4[[#This Row],[Machine]],'Mapping code'!I:J,2,0)&"-"&VLOOKUP(Table4[[#This Row],[Product Nature]],'Mapping code'!N:O,2,0)&"-"&VLOOKUP(Table4[[#This Row],[Category2]],'Mapping code'!Q:R,2,0)&"-"&Table4[[#This Row],[Seq]] -> #N/A | O596: =+LEN(Table4[[#This Row],[New Item Code]]) -> #N/A | P596: MP0100 | Q596: Spare parts | T596: Emmegi fixtures
...

Sheet Mapping code
A1: Description | B1: Type | E1: Type | F1: Coding | I1: Type | J1: Coding | N1: Product Nature | O1: Coding | Q1: Category | R1: Coding
A2: Maintenance Section | B2: MS | E2: Critical Spares | F2: CS | I2: Common | J2: 000 | N2: Common | O2: 00 | Q2: Common | R2: 00
A3: KTL Section | B3: KS | E3: Normal Spares | F3: NS | I3: Dugard | J3: 001 | N3: Drive | O3: 01 | Q3: FSFCM/ FSRCM | R3: 01
A4: Engineering Section | B4: ES | I4: Emmegi | J4: 002 | N4: Spindle | O4: 02 | Q4: Frunk Beam | R4: 02
A5: Industrialization Section | B5: IS | I5: Ralc | J5: 003 | N5: Axis | O5: 03 | Q5: L-track | R5: 03
A6: Production Section | B6: PS | I6: ABB | J6: 004 | N6: Cylinder | O6: 04 | Q6: Tube Ex | R6: 04
A7: Facility Section | B7: FS | I7: Saw | J7: 005 | N7: Belt | O7: 05 | Q7: F39 | R7: 05
A8: Quality Section | B8: QS | I8: Bender | J8: 006 | N8: Motor | O8: 06 | Q8: XFB | R8: 06
I9: Drill | J9: 007 | N9: Pump | O9: 07 | Q9: Jeep | R9: 07
I10: Air Compressor | J10: 008 | N10: Clamp | O10: 08 | Q10: VS 20 | R10: 08
I11: Crimping | J11: 009 | N11: Switch | O11: 09 | Q11: L462 | R11: 09
I12: Desoutter | J12: 010 | N12: Valve | O12: 10 | Q12: L538 | R12: 10
I13: Fixtures | J13: 011 | N13: Relay | O13: 11 | Q13: VS 20 | R13: 11
I14: Electrical components | J14: 012 | N14: Stopper | O14: 12 | Q14: Gestamp | R14: 12
I15: Exechon | J15: 013 | N15: Cable | O15: 13 | Q15: B479 | R15: 13
I16: FSM | J16: 014 | N16: Enclosure | O16: 14 | Q16: Centre Ski | R16: 14
I17: Floor Scrubber | J17: 015 | N17: Safety Light barrier | O17: 15 | Q17: Mega Pack | R17: 15
I18: Laser Mark | J18: 016 | N18: Safety module | O18: 16 | Q18: NE 42 | R18: 16
I19: Haco | J19: 017 | N19: Air fittings | O19: 17 | Q19: Ceer | R19: 17
I20: Assembly | J20: 018 | N20: Hydraulic components | O20: 18 | Q20: Daimler | R20: 18
I21: Mecal | J21: 019 | N21: Pulley | O21: 19
I22: Nortech | J22: 020 | N22: Accumulator | O22: 20
I23: Oven | J23: 021 | N23: Nuts and bolts | O23: 21
I24: Permsetter | J24: 022 | N24: Bearings | O24: 22
I25: Pneumatic | J25: 023 | N25: Electrical components | O25: 23
I26: Press | J26: 024 | N26: O'rings and seals | O26: 24
I27: STA | J27: 025 | N27: Pipes | O27: 25
I28: Tap and Drill | J28: 026 | N28: Mechanical components | O28: 26
I29: Thread Check | J29: 027 | N29: Safety interlock | O29: 27
I30: Wensing | J30: 028 | N30: Repair kit | O30: 28
I31: 4head saw | J31: 029 | N31: Fixtures blocks | O31: 29
I32: Tox | J32: 030 | N32: Pneumatic components | O32: 30
... I36: Steam | J36: 034 | N36: Blades | O36: 34

Sheet Search II codes
A1: Code | B1: Description
A2: ABB | B2: Abb milling cells
A3: ABBFX | B3: Abb milling cells fixture
A4: BEA | B4: Bearings
A5: BEN | B5: Benders
A6: CBO | B6: counter bore machine
A7: COM | B7: Compressor
A8: CTE | B8: Crimping tube extrusion
A9: DRS | B9: Desrouters
A10: DUG | B10: Dugard
A11: EGF | B11: Emmegi Gestamp fixtures
A12: ELE | B12: electrical components
... A45: YIL | B45: 4 head saw

Sheet Centralized store items
A1: Search I code | B1: New Item Description | C1: New Item Group | D1: Item Cost | E1: New Inventory | F1: Min | G1: Max | H1: In Stock | I1: Total Cost | J1: Department | K1: Category | L1: Machine | M1: Product Nature | N1: Category2 | O1: Seq | P1: New Item Code | Q1: Store Location | R1: Column1 | S1: Column2 | T1: Invnetory in Qty | U1: Invnetory in Value | V1: Stock Count February
A2: ABB-0001 | B2: Package wires on the robot - signal 25463 - ROBOFLEX 2001 12G0,5 QMM 300/500V | C2: Critical Spares-CS | D2: 84.214 | E2: Yes | F2: 1 | G2: 3 | H2: 20 | I2: =Table43[[#This Row],[Item Cost]]*Table43[[#This Row],[In Stock]] -> 1684.28 | J2: Maintenance Section | K2: Critical Spares | L2: ABB | M2: Cable | N2: FSFCM/ FSRCM | O2: =IF(LEN(COUNTIFS($J$1:J2,$J2,$K$1:K2,$K2,$L$1:L2,$L2,$M$1:M2,M2,$N$1:N2,N2))=1,"00"&COUNTIFS($J$1:J2,$J2,$K$1:K2,$K2,$L$1:L2,$L2,$M$1:M2,M2,$N$1:N2,N2),IF(LEN(COUNTIFS($J$1:J2,$J2,$K$1:K2,$K2,$L$1:L2,$L2,$M$1:M2,M2,$N$1:N2,N2))=2,"0"&COUNTIFS($J$1:J2,$J2,$K$1:K2,$K2,$L$1:L2,$L2,$M$1:M2,M2,$N$1:N2,N2),COUNTIFS($J$1:J2,$J2,$K$1:K2,$K2,$L$1:L2,$L2,$M$1:M2,M2,$N$1:N2,N2))) -> 001 | P2: =VLOOKUP(Table43[[#This Row],[Department]],'Mapping code'!A:B,2,0)&"-"&VLOOKUP(Table43[[#This Row],[Category]],'Mapping code'!E:F,2,0)&"-"&VLOOKUP(Table43[[#This Row],[Machine]],'Mapping code'!I:J,2,0)&"-"&VLOOKUP(Table43[[#This Row],[Product Nature]],'Mapping code'!N:O,2,0)&"-"&VLOOKUP(Table43[[#This Row],[Category2]],'Mapping code'!Q:R,2,0)&Table43[[#This Row],[Seq]]&IF(Table43[[#This Row],[New Inventory]]="Yes","-INV","") -> MS-CS-004-13-01001-INV | R2: MP-CS-004-00-00001 | S2: Package wires on the robot - signal 25463 - ROBOFLEX 2001 12 | T2: =+IFERROR(_xlfn.XLOOKUP(Table43[[#This Row],[Column1]],#REF!,#REF!),0) -> 0 | U2: =IFERROR(_xlfn.XLOOKUP(Table43[[#This Row],[Column1]],#REF!,#REF!),0) -> 0
A3: ABB-0002 | B3: Package wires on the robot - power supply 29692 - ÖLFLEX® ROBOT F1 ( C ) 4 G 2,5 + (2 x 1,0 | C3: Critical Spares-CS | D3: 76.194 | E3: Yes | F3: 1 | G3: 3 | H3: 20 | I3: =Table43[[#This Row],[Item Cost]]*Table43[[#This Row],[In Stock]] -> 1523.88 | J3: Maintenance Section | K3: Critical Spares | L3: ABB | M3: Cable | N3: FSFCM/ FSRCM | O3: =IF(LEN(COUNTIFS($J$1:J3,$J3,$K$1:K3,$K3,$L$1:L3,$L3,$M$1:M3,M3,$N$1:N3,N3))=1,"00"&COUNTIFS($J$1:J3,$J3,$K$1:K3,$K3,$L$1:L3,$L3,$M$1:M3,M3,$N$1:N3,N3),IF(LEN(COUNTIFS($J$1:J3,$J3,$K$1:K3,$K3,$L$1:L3,$L3,$M$1:M3,M3,$N$1:N3,N3))=2,"0"&COUNTIFS($J$1:J3,$J3,$K$1:K3,$K3,$L$1:L3,$L3,$M$1:M3,M3,$N$1:N3,N3),COUNTIFS($J$1:J3,$J3,$K$1:K3,$K3,$L$1:L3,$L3,$M$1:M3,M3,$N$1:N3,N3))) -> 002 | P3: =VLOOKUP(Table43[[#This Row],[Department]],'Mapping code'!A:B,2,0)&"-"&VLOOKUP(Table43[[#This Row],[Category]],'Mapping code'!E:F,2,0)&"-"&VLOOKUP(Table43[[#This Row],[Machine]],'Mapping code'!I:J,2,0)&"-"&VLOOKUP(Table43[[#This Row],[Product Nature]],'Mapping code'!N:O,2,0)&"-"&VLOOKUP(Table43[[#This Row],[Category2]],'Mapping code'!Q:R,2,0)&Table43[[#This Row],[Seq]]&IF(Table43[[#This Row],[New Inventory]]="Yes","-INV","") -> MS-CS-004-13-01002-INV | R3: MP-CS-004-00-00002 | S3: Package wires on the robot - power supply 29692 - ÖLFLEX® RO | T3: =+IFERROR(_xlfn.XLOOKUP(Table43[[#This Row],[Column1]],#REF!,#REF!),0) -> 0 | U3: =IFERROR(_xlfn.XLOOKUP(Table43[[#This Row],[Column1]],#REF!,#REF!),0) -> 0
A4: ABB-0003 | B4: Electrospindle ES350L - H6161H0485 - New | C4: Critical Spares-CS | D4: 33284.66 | E4: Yes | F4: 1 | G4: 3 | H4: 1 | I4: =Table43[[#This Row],[Item Cost]]*Table43[[#This Row],[In Stock]] -> 33284.66 | J4: Maintenance Section | K4: Critical Spares | L4: ABB | M4: Spindle | N4: FSFCM/ FSRCM | O4: =IF(LEN(COUNTIFS($J$1:J4,$J4,$K$1:K4,$K4,$L$1:L4,$L4,$M$1:M4,M4,$N$1:N4,N4))=1,"00"&COUNTIFS($J$1:J4,$J4,$K$1:K4,$K4,$L$1:L4,$L4,$M$1:M4,M4,$N$1:N4,N4),IF(LEN(COUNTIFS($J$1:J4,$J4,$K$1:K4,$K4,$L$1:L4,$L4,$M$1:M4,M4,$N$1:N4,N4))=2,"0"&COUNTIFS($J$1:J4,$J4,$K$1:K4,$K4,$L$1:L4,$L4,$M$1:M4,M4,$N$1:N4,N4),COUNTIFS($J$1:J4,$J4,$K$1:K4,$K4,$L$1:L4,$L4,$M$1:M4,M4,$N$1:N4,N4))) -> 001 | P4: =VLOOKUP(Table43[[#This Row],[Department]],'Mapping code'!A:B,2,0)&"-"&VLOOKUP(Table43[[#This Row],[Category]],'Mapping code'!E:F,2,0)&"-"&VLOOKUP(Table43[[#This Row],[Machine]],'Mapping code'!I:J,2,0)&"-"&VLOOKUP(Table43[[#This Row],[Product Nature]],'Mapping code'!N:O,2,0)&"-"&VLOOKUP(Table43[[#This Row],[Category2]],'Mapping code'!Q:R,2,0)&Table43[[#This Row],[Seq]]&IF(Table43[[#This Row],[New Inventory]]="Yes","-INV","") -> MS-CS-004-02-01001-INV | R4: MP-CS-004-00-00003 | S4: Electrospindle ES350L - H6161H0485 - New | T4: =+IFERROR(_xlfn.XLOOKUP(Table43[[#This Row],[Column1]],#REF!,#REF!),0) -> 0 | U4: =IFERROR(_xlfn.XLOOKUP(Table43[[#This Row],[Column1]],#REF!,#REF!),0) -> 0
A5: ABB-0004 | B5: OMRON Resistance brake A1000-REV00K6050-IE | C5: Critical Spares-CS | D5: 200.51 | E5: Yes | F5: 1 | G5: 2 | H5: 1 | I5: =Table43[[#This Row],[Item Cost]]*Table43[[#This Row],[In Stock]] -> 200.51 | J5: Maintenance Section | K5: Critical Spares | L5: ABB | M5: Electrical components | N5: FSFCM/ FSRCM | O5: =IF(LEN(COUNTIFS($J$1:J5,$J5,$K$1:K5,$K5,$L$1:L5,$L5,$M$1:M5,M5,$N$1:N5,N5))=1,"00"&COUNTIFS($J$1:J5,$J5,$K$1:K5,$K5,$L$1:L5,$L5,$M$1:M5,M5,$N$1:N5,N5),IF(LEN(COUNTIFS($J$1:J5,$J5,$K$1:K5,$K5,$L$1:L5,$L5,$M$1:M5,M5,$N$1:N5,N5))=2,"0"&COUNTIFS($J$1:J5,$J5,$K$1:K5,$K5,$L$1:L5,$L5,$M$1:M5,M5,$N$1:N5,N5),COUNTIFS($J$1:J5,$J5,$K$1:K5,$K5,$L$1:L5,$L5,$M$1:M5,M5,$N$1:N5,N5))) -> 001 | P5: =VLOOKUP(Table43[[#This Row],[Department]],'Mapping code'!A:B,2,0)&"-"&VLOOKUP(Table43[[#This Row],[Category]],'Mapping code'!E:F,2,0)&"-"&VLOOKUP(Table43[[#This Row],[Machine]],'Mapping code'!I:J,2,0)&"-"&VLOOKUP(Table43[[#This Row],[Product Nature]],'Mapping code'!N:O,2,0)&"-"&VLOOKUP(Table43[[#This Row],[Category2]],'Mapping code'!Q:R,2,0)&Table43[[#This Row],[Seq]]&IF(Table43[[#This Row],[New Inventory]]="Yes","-INV","") -> MS-CS-004-23-01001-INV | Q5: ABB D | R5: MP-CS-004-00-00004 | S5: OMRON Resistance brake A1000-REV00K6050-IE | T5: =+IFERROR(_xlfn.XLOOKUP(Table43[[#This Row],[Column1]],#REF!,#REF!),0) -> 0 | U5: =IFERROR(_xlfn.XLOOKUP(Table43[[#This Row],[Column1]],#REF!,#REF!),0) -> 0
A6: ABB-0005 | B6: Pluto B20 v2 2TLA020070R4600 | C6: Critical Spares-CS | D6: 2726.94 | E6: Yes | F6: 1 | G6: 2 | H6: 1 | I6: =Table43[[#This Row],[Item Cost]]*Table43[[#This Row],[In Stock]] -> 2726.94 | J6: Maintenance Section | K6: Critical Spares | L6: ABB | M6: Safety module | N6: FSFCM/ FSRCM | O6: =IF(LEN(COUNTIFS($J$1:J6,$J6,$K$1:K6,$K6,$L$1:L6,$L6,$M$1:M6,M6,$N$1:N6,N6))=1,"00"&COUNTIFS($J$1:J6,$J6,$K$1:K6,$K6,$L$1:L6,$L6,$M$1:M6,M6,$N$1:N6,N6),IF(LEN(COUNTIFS($J$1:J6,$J6,$K$1:K6,$K6,$L$1:L6,$L6,$M$1:M6,M6,$N$1:N6,N6))=2,"0"&COUNTIFS($J$1:J6,$J6,$K$1:K6,$K6,$L$1:L6,$L6,$M$1:M6,M6,$N$1:N6,N6),COUNTIFS($J$1:J6,$J6,$K$1:K6,$K6,$L$1:L6,$L6,$M$1:M6,M6,$N$1:N6,N6))) -> 001 | P6: =VLOOKUP(Table43[[#This Row],[Department]],'Mapping code'!A:B,2,0)&"-"&VLOOKUP(Table43[[#This Row],[Category]],'Mapping code'!E:F,2,0)&"-"&VLOOKUP(Table43[[#This Row],[Machine]],'Mapping code'!I:J,2,0)&"-"&VLOOKUP(Table43[[#This Row],[Product Nature]],'Mapping code'!N:O,2,0)&"-"&VLOOKUP(Table43[[#This Row],[Category2]],'Mapping code'!Q:R,2,0)&Table43[[#This Row],[Seq]]&IF(Table43[[#This Row],[New Inventory]]="Yes","-INV","") -> MS-CS-004-16-01001-INV | Q6: ABB B | R6: MP-CS-004-00-00005 | S6: Pluto B20 v2 2TLA020070R4600 | T6: =+IFERROR(_xlfn.XLOOKUP(Table43[[#This Row],[Column1]],#REF!,#REF!),0) -> 0 | U6: =IFERROR(_xlfn.XLOOKUP(Table43[[#This Row],[Column1]],#REF!,#REF!),0) -> 0
A7: ABB-0006 | B7: Pluto B46 v2 2TLA020070R1700 | C7: Critical Spares-CS | D7: 5072.01 | E7: Yes | F7: 1 | G7: 2 | H7: 1 | I7: =Table43[[#This Row],[Item Cost]]*Table43[[#This Row],[In Stock]] -> 5072.01 | J7: Maintenance Section | K7: Critical Spares | L7: ABB | M7: Safety module | N7: FSFCM/ FSRCM | O7: =IF(LEN(COUNTIFS($J$1:J7,$J7,$K$1:K7,$K7,$L$1:L7,$L7,$M$1:M7,M7,$N$1:N7,N7))=1,"00"&COUNTIFS($J$1:J7,$J7,$K$1:K7,$K7,$L$1:L7,$L7,$M$1:M7,M7,$N$1:N7,N7),IF(LEN(COUNTIFS($J$1:J7,$J7,$K$1:K7,$K7,$L$1:L7,$L7,$M$1:M7,M7,$N$1:N7,N7))=2,"0"&COUNTIFS($J$1:J7,$J7,$K$1:K7,$K7,$L$1:L7,$L7,$M$1:M7,M7,$N$1:N7,N7),COUNTIFS($J$1:J7,$J7,$K$1:K7,$K7,$L$1:L7,$L7,$M$1:M7,M7,$N$1:N7,N7))) -> 002 | P7: =VLOOKUP(Table43[[#This Row],[Department]],'Mapping code'!A:B,2,0)&"-"&VLOOKUP(Table43[[#This Row],[Category]],'Mapping code'!E:F,2,0)&"-"&VLOOKUP(Table43[[#This Row],[Machine]],'Mapping code'!I:J,2,0)&"-"&VLOOKUP(Table43[[#This Row],[Product Nature]],'Mapping code'!N:O,2,0)&"-"&VLOOKUP(Table43[[#This Row],[Category2]],'Mapping code'!Q:R,2,0)&Table43[[#This Row],[Seq]]&IF(Table43[[#This Row],[New Inventory]]="Yes","-INV","") -> MS-CS-004-16-01002-INV | Q7: ABB B | R7: MP-CS-004-00-00006 | S7: Pluto B46 v2 2TLA020070R1700 | T7: =+IFERROR(_xlfn.XLOOKUP(Table43[[#This Row],[Column1]],#REF!,#REF!),0) -> 0 | U7: =IFERROR(_xlfn.XLOOKUP(Table43[[#This Row],[Column1]],#REF!,#REF!),0) -> 0
A8: ABB-0007 | B8: Pluto gate 2TLA020071R9300 | C8: Critical Spares-CS | D8: 1403.57 | E8: Yes | F8: 1 | G8: 2 | H8: 1 | I8: =Table43[[#This Row],[Item Cost]]*Table43[[#This Row],[In Stock]] -> 1403.57 | J8: Maintenance Section | K8: Critical Spares | L8: ABB | M8: Safety module | N8: FSFCM/ FSRCM | O8: =IF(LEN(COUNTIFS($J$1:J8,$J8,$K$1:K8,$K8,$L$1:L8,$L8,$M$1:M8,M8,$N$1:N8,N8))=1,"00"&COUNTIFS($J$1:J8,$J8,$K$1:K8,$K8,$L$1:L8,$L8,$M$1:M8,M8,$N$1:N8,N8),IF(LEN(COUNTIFS($J$1:J8,$J8,$K$1:K8,$K8,$L$1:L8,$L8,$M$1:M8,M8,$N$1:N8,N8))=2,"0"&COUNTIFS($J$1:J8,$J8,$K$1:K8,$K8,$L$1:L8,$L8,$M$1:M8,M8,$N$1:N8,N8),COUNTIFS($J$1:J8,$J8,$K$1:K8,$K8,$L$1:L8,$L8,$M$1:M8,M8,$N$1:N8,N8))) -> 003 | P8: =VLOOKUP(Table43[[#This Row],[Department]],'Mapping code'!A:B,2,0)&"-"&VLOOKUP(Table43[[#This Row],[Category]],'Mapping code'!E:F,2,0)&"-"&VLOOKUP(Table43[[#This Row],[Machine]],'Mapping code'!I:J,2,0)&"-"&VLOOKUP(Table43[[#This Row],[Product Nature]],'Mapping code'!N:O,2,0)&"-"&VLOOKUP(Table43[[#This Row],[Category2]],'Mapping code'!Q:R,2,0)&Table43[[#This Row],[Seq]]&IF(Table43[[#This Row],[New Inventory]]="Yes","-INV","") -> MS-CS-004-16-01003-INV | Q8: ABB B | R8: MP-CS-004-00-00007 | S8: Pluto gate 2TLA020071R9300 | T8: =+IFERROR(_xlfn.XLOOKUP(Table43[[#This Row],[Column1]],#REF!,#REF!),0) -> 0 | U8: =IFERROR(_xlfn.XLOOKUP(Table43[[#This Row],[Column1]],#REF!,#REF!),0) -> 0
A9: ABB-0008 | B9: ET200 head 6ES7155-6AA01-0BN0 | C9: Critical Spares-CS | D9: 3448.77 | E9: Yes | F9: 1 | G9: 2 | H9: 1 | I9: =Table43[[#This Row],[Item Cost]]*Table43[[#This Row],[In Stock]] -> 3448.77 | J9: Maintenance Section | K9: Critical Spares | L9: ABB | M9: Drive | N9: FSFCM/ FSRCM | O9: =IF(LEN(COUNTIFS($J$1:J9,$J9,$K$1:K9,$K9,$L$1:L9,$L9,$M$1:M9,M9,$N$1:N9,N9))=1,"00"&COUNTIFS($J$1:J9,$J9,$K$1:K9,$K9,$L$1:L9,$L9,$M$1:M9,M9,$N$1:N9,N9),IF(LEN(COUNTIFS($J$1:J9,$J9,$K$1:K9,$K9,$L$1:L9,$L9,$M$1:M9,M9,$N$1:N9,N9))=2,"0"&COUNTIFS($J$1:J9,$J9,$K$1:K9,$K9,$L$1:L9,$L9,$M$1:M9,M9,$N$1:N9,N9),COUNTIFS($J$1:J9,$J9,$K$1:K9,$K9,$L$1:L9,$L9,$M$1:M9,M9,$N$1:N9,N9))) -> 001 | P9: =VLOOKUP(Table43[[#This Row],[Department]],'Mapping code'!A:B,2,0)&"-"&VLOOKUP(Table43[[#This Row],[Category]],'Mapping code'!E:F,2,0)&"-"&VLOOKUP(Table43[[#This Row],[Machine]],'Mapping code'!I:J,2,0)&"-"&VLOOKUP(Table43[[#This Row],[Product Nature]],'Mapping code'!N:O,2,0)&"-"&VLOOKUP(Table43[[#This Row],[Category2]],'Mapping code'!Q:R,2,0)&Table43[[#This Row],[Seq]]&IF(Table43[[#This Row],[New Inventory]]="Yes","-INV","") -> MS-CS-004-01-01001-INV | R9: MP-CS-004-00-00008 | S9: ET200 head 6ES7155-6AA01-0BN0 | T9: =+IFERROR(_xlfn.XLOOKUP(Table43[[#This Row],[Column1]],#REF!,#REF!),0) -> 0 | U9: =IFERROR(_xlfn.XLOOKUP(Table43[[#This Row],[Column1]],#REF!,#REF!),0) -> 0
A10: ABB-0009 | B10: ET200 INPUT 6ES7131-6BF01-0BA0 | C10: Critical Spares-CS | D10: 1022.6 | E10: Yes | F10: 1 | G10: 2 | H10: 1 | I10: =Table43[[#This Row],[Item Cost]]*Table43[[#This Row],[In Stock]] -> 1022.6 | J10: Maintenance Section | K10: Critical Spares | L10: ABB | M10: Drive | N10: FSFCM/ FSRCM | O10: =IF(LEN(COUNTIFS($J$1:J10,$J10,$K$1:K10,$K10,$L$1:L10,$L10,$M$1:M10,M10,$N$1:N10,N10))=1,"00"&COUNTIFS($J$1:J10,$J10,$K$1:K10,$K10,$L$1:L10,$L10,$M$1:M10,M10,$N$1:N10,N10),IF(LEN(COUNTIFS($J$1:J10,$J10,$K$1:K10,$K10,$L$1:L10,$L10,$M$1:M10,M10,$N$1:N10,N10))=2,"0"&COUNTIFS($J$1:J10,$J10,$K$1:K10,$K10,$L$1:L10,$L10,$M$1:M10,M10,$N$1:N10,N10),COUNTIFS($J$1:J10,$J10,$K$1:K10,$K10,$L$1:L10,$L10,$M$1:M10,M10,$N$1:N10,N10))) -> 002 | P10: =VLOOKUP(Table43[[#This Row],[Department]],'Mapping code'!A:B,2,0)&"-"&VLOOKUP(Table43[[#This Row],[Category]],'Mapping code'!E:F,2,0)&"-"&VLOOKUP(Table43[[#This Row],[Machine]],'Mapping code'!I:J,2,0)&"-"&VLOOKUP(Table43[[#This Row],[Product Nature]],'Mapping code'!N:O,2,0)&"-"&VLOOKUP(Table43[[#This Row],[Category2]],'Mapping code'!Q:R,2,0)&Table43[[#This Row],[Seq]]&IF(Table43[[#This Row],[New Inventory]]="Yes","-INV","") -> MS-CS-004-01-01002-INV | Q10: ABB A | R10: MP-CS-004-00-00009 | S10: ET200 INPUT 6ES7131-6BF01-0BA0 | T10: =+IFERROR(_xlfn.XLOOKUP(Table43[[#This Row],[Column1]],#REF!,#REF!),0) -> 0 | U10: =IFERROR(_xlfn.XLOOKUP(Table43[[#This Row],[Column1]],#REF!,#REF!),0) -> 0
A11: ABB-0010 | B11: ET200 OUTPUT 6ES7132-6BF01-0BA0 | C11: Critical Spares-CS | D11: 1423.62 | E11: Yes | F11: 1 | G11: 2 | H11: 1 | I11: =Table43[[#This Row],[Item Cost]]*Table43[[#This Row],[In Stock]] -> 1423.62 | J11: Maintenance Section | K11: Critical Spares | L11: ABB | M11: Drive | N11: FSFCM/ FSRCM | O11: =IF(LEN(COUNTIFS($J$1:J11,$J11,$K$1:K11,$K11,$L$1:L11,$L11,$M$1:M11,M11,$N$1:N11,N11))=1,"00"&COUNTIFS($J$1:J11,$J11,$K$1:K11,$K11,$L$1:L11,$L11,$M$1:M11,M11,$N$1:N11,N11),IF(LEN(COUNTIFS($J$1:J11,$J11,$K$1:K11,$K11,$L$1:L11,$L11,$M$1:M11,M11,$N$1:N11,N11))=2,"0"&COUNTIFS($J$1:J11,$J11,$K$1:K11,$K11,$L$1:L11,$L11,$M$1:M11,M11,$N$1:N11,N11),COUNTIFS($J$1:J11,$J11,$K$1:K11,$K11,$L$1:L11,$L11,$M$1:M11,M11,$N$1:N11,N11))) -> 003 | P11: =VLOOKUP(Table43[[#This Row],[Department]],'Mapping code'!A:B,2,0)&"-"&VLOOKUP(Table43[[#This Row],[Category]],'Mapping code'!E:F,2,0)&"-"&VLOOKUP(Table43[[#This Row],[Machine]],'Mapping code'!I:J,2,0)&"-"&VLOOKUP(Table43[[#This Row],[Product Nature]],'Mapping code'!N:O,2,0)&"-"&VLOOKUP(Table43[[#This Row],[Category2]],'Mapping code'!Q:R,2,0)&Table43[[#This Row],[Seq]]&IF(Table43[[#This Row],[New Inventory]]="Yes","-INV","") -> MS-CS-004-01-01003-INV | Q11: ABB A | R11: MP-CS-004-00-00010 | S11: ET200 OUTPUT 6ES7132-6BF01-0BA0 | T11: =+IFERROR(_xlfn.XLOOKUP(Table43[[#This Row],[Column1]],#REF!,#REF!),0) -> 0 | U11: =IFERROR(_xlfn.XLOOKUP(Table43[[#This Row],[Column1]],#REF!,#REF!),0) -> 0
A12: ABB-0011 | B12: ET200 insulated base 6ES7193-6BP20-0DA0 | C12: Critical Spares-CS | D12: 962.45 | E12: Yes | F12: 1 | G12: 2 | H12: 1 | I12: =Table43[[#This Row],[Item Cost]]*Table43[[#This Row],[In Stock]] -> 962.45 | J12: Maintenance Section | K12: Critical Spares | L12: ABB | M12: Drive | N12: FSFCM/ FSRCM | O12: =IF(LEN(COUNTIFS($J$1:J12,$J12,$K$1:K12,$K12,$L$1:L12,$L12,$M$1:M12,M12,$N$1:N12,N12))=1,"00"&COUNTIFS($J$1:J12,$J12,$K$1:K12,$K12,$L$1:L12,$L12,$M$1:M12,M12,$N$1:N12,N12),IF(LEN(COUNTIFS($J$1:J12,$J12,$K$1:K12,$K12,$L$1:L12,$L12,$M$1:M12,M12,$N$1:N12,N12))=2,"0"&COUNTIFS($J$1:J12,$J12,$K$1:K12,$K12,$L$1:L12,$L12,$M$1:M12,M12,$N$1:N12,N12),COUNTIFS($J$1:J12,$J12,$K$1:K12,$K12,$L$1:L12,$L12,$M$1:M12,M12,$N$1:N12,N12))) -> 004 | P12: =VLOOKUP(Table43[[#This Row],[Department]],'Mapping code'!A:B,2,0)&"-"&VLOOKUP(Table43[[#This Row],[Category]],'Mapping code'!E:F,2,0)&"-"&VLOOKUP(Table43[[#This Row],[Machine]],'Mapping code'!I:J,2,0)&"-"&VLOOKUP(Table43[[#This Row],[Product Nature]],'Mapping code'!N:O,2,0)&"-"&VLOOKUP(Table43[[#This Row],[Category2]],'Mapping code'!Q:R,2,0)&Table43[[#This Row],[Seq]]&IF(Table43[[#This Row],[New Inventory]]="Yes","-INV","") -> MS-CS-004-01-01004-INV | Q12: ABB B | R12: MP-CS-004-00-00011 | S12: ET200 insulated base 6ES7193-6BP20-0DA0 | T12: =+IFERROR(_xlfn.XLOOKUP(Table43[[#This Row],[Column1]],#REF!,#REF!),0) -> 0 | U12: =IFERROR(_xlfn.XLOOKUP(Table43[[#This Row],[Column1]],#REF!,#REF!),0) -> 0
A13: ABB-0012 | B13: Smile 11 EA Tina 2TLA030050R0000 | C13: Critical Spares-CS | D13: 320.82 | E13: Yes | F13: 1 | G13: 2 | H13: 1 | I13: =Table43[[#This Row],[Item Cost]]*Table43[[#This Row],[In Stock]] -> 320.82 | J13: Maintenance Section | K13: Critical Spares | L13: ABB | M13: Electrical components | N13: FSFCM/ FSRCM | O13: =IF(LEN(COUNTIFS($J$1:J13,$J13,$K$1:K13,$K13,$L$1:L13,$L13,$M$1:M13,M13,$N$1:N13,N13))=1,"00"&COUNTIFS($J$1:J13,$J13,$K$1:K13,$K13,$L$1:L13,$L13,$M$1:M13,M13,$N$1:N13,N13),IF(LEN(COUNTIFS($J$1:J13,$J13,$K$1:K13,$K13,$L$1:L13,$L13,$M$1:M13,M13,$N$1:N13,N13))=2,"0"&COUNTIFS($J$1:J13,$J13,$K$1:K13,$K13,$L$1:L13,$L13,$M$1:M13,M13,$N$1:N13,N13),COUNTIFS($J$1:J13,$J13,$K$1:K13,$K13,$L$1:L13,$L13,$M$1:M13,M13,$N$1:N13,N13))) -> 002 | P13: =VLOOKUP(Table43[[#This Row],[Department]],'Mapping code'!A:B,2,0)&"-"&VLOOKUP(Table43[[#This Row],[Category]],'Mapping code'!E:F,2,0)&"-"&VLOOKUP(Table43[[#This Row],[Machine]],'Mapping code'!I:J,2,0)&"-"&VLOOKUP(Table43[[#This Row],[Product Nature]],'Mapping code'!N:O,2,0)&"-"&VLOOKUP(Table43[[#This Row],[Category2]],'Mapping code'!Q:R,2,0)&Table43[[#This Row],[Seq]]&IF(Table43[[#This Row],[New Inventory]]="Yes","-INV","") -> MS-CS-004-23-01002-INV | Q13: ABB B | R13: MP-CS-004-00-00012 | S13: Smile 11 EA Tina 2TLA030050R0000 | T13: =+IFERROR(_xlfn.XLOOKUP(Table43[[#This Row],[Column1]],#REF!,#REF!),0) -> 0 | U13: =IFERROR(_xlfn.XLOOKUP(Table43[[#This Row],[Column1]],#REF!,#REF!),0) -> 0
A14: ABB-0013 | B14: M12-C02PT6RB-Receiver cable Blanking O1E 2TLA022315R0200 | C14: Critical Spares-CS | D14: 160.41 | E14: Yes | F14: 1 | G14: 2 | H14: 1 | I14: =Table43[[#This Row],[Item Cost]]*Table43[[#This Row],[In Stock]] -> 160.41 | J14: Maintenance Section | K14: Critical Spares | L14: ABB | M14: Cable | N14: FSFCM/ FSRCM | O14: =IF(LEN(COUNTIFS($J$1:J14,$J14,$K$1:K14,$K14,$L$1:L14,$L14,$M$1:M14,M14,$N$1:N14,N14))=1,"00"&COUNTIFS($J$1:J14,$J14,$K$1:K14,$K14,$L$1:L14,$L14,$M$1:M14,M14,$N$1:N14,N14),IF(LEN(COUNTIFS($J$1:J14,$J14,$K$1:K14,$K14,$L$1:L14,$L14,$M$1:M14,M14,$N$1:N14,N14))=2,"0"&COUNTIFS($J$1:J14,$J14,$K$1:K14,$K14,$L$1:L14,$L14,$M$1:M14,M14,$N$1:N14,N14),COUNTIFS($J$1:J14,$J14,$K$1:K14,$K14,$L$1:L14,$L14,$M$1:M14,M14,$N$1:N14,N14))) -> 003 | P14: =VLOOKUP(Table43[[#This Row],[Department]],'Mapping code'!A:B,2,0)&"-"&VLOOKUP(Table43[[#This Row],[Category]],'Mapping code'!E:F,2,0)&"-"&VLOOKUP(Table43[[#This Row],[Machine]],'Mapping code'!I:J,2,0)&"-"&VLOOKUP(Table43[[#This Row],[Product Nature]],'Mapping code'!N:O,2,0)&"-"&VLOOKUP(Table43[[#This Row],[Category2]],'Mapping code'!Q:R,2,0)&Table43[[#This Row],[Seq]]&IF(Table43[[#This Row],[New Inventory]]="Yes","-INV","") -> MS-CS-004-13-01003-INV | Q14: ABB A | R14: MP-CS-004-00-00013 | S14: M12-C02PT6RB-Receiver cable Blanking O1E 2TLA022315R0200 | T14: =+IFERROR(_xlfn.XLOOKUP(Table43[[#This Row],[Column1]],#REF!,#REF!),0) -> 0 | U14: =IFERROR(_xlfn.XLOOKUP(Table43[[#This Row],[Column1]],#REF!,#REF!),0) -> 0
A15: ABB-0014 | B15: M12-C02PT2T - Transmitter cable for O1E 2TLA022315R0100 | C15: Critical Spares-CS | D15: 140.36 | E15: Yes | F15: 1 | G15: 2 | H15: 1 | I15: =Table43[[#This Row],[Item Cost]]*Table43[[#This Row],[In Stock]] -> 140.36 | J15: Maintenance Section | K15: Critical Spares | L15: ABB | M15: Cable | N15: FSFCM/ FSRCM | O15: =IF(LEN(COUNTIFS($J$1:J15,$J15,$K$1:K15,$K15,$L$1:L15,$L15,$M$1:M15,M15,$N$1:N15,N15))=1,"00"&COUNTIFS($J$1:J15,$J15,$K$1:K15,$K15,$L$1:L15,$L15,$M$1:M15,M15,$N$1:N15,N15),IF(LEN(COUNTIFS($J$1:J15,$J15,$K$1:K15,$K15,$L$1:L15,$L15,$M$1:M15,M15,$N$1:N15,N15))=2,"0"&COUNTIFS($J$1:J15,$J15,$K$1:K15,$K15,$L$1:L15,$L15,$M$1:M15,M15,$N$1:N15,N15),COUNTIFS($J$1:J15,$J15,$K$1:K15,$K15,$L$1:L15,$L15,$M$1:M15,M15,$N$1:N15,N15))) -> 004 | P15: =VLOOKUP(Table43[[#This Row],[Department]],'Mapping code'!A:B,2,0)&"-"&VLOOKUP(Table43[[#This Row],[Category]],'Mapping code'!E:F,2,0)&"-"&VLOOKUP(Table43[[#This Row],[Machine]],'Mapping code'!I:J,2,0)&"-"&VLOOKUP(Table43[[#This Row],[Product Nature]],'Mapping code'!N:O,2,0)&"-"&VLOOKUP(Table43[[#This Row],[Category2]],'Mapping code'!Q:R,2,0)&Table43[[#This Row],[Seq]]&IF(Table43[[#This Row],[New Inventory]]="Yes","-INV","") -> MS-CS-004-13-01004-INV | Q15: ABB A | R15: MP-CS-004-00-00014 | S15: M12-C02PT2T - Transmitter cable for O1E 2TLA022315R0100 | T15: =+IFERROR(_xlfn.XLOOKUP(Table43[[#This Row],[Column1]],#REF!,#REF!),0) -> 0 | U15: =IFERROR(_xlfn.XLOOKUP(Table43[[#This Row],[Column1]],#REF!,#REF!),0) -> 0
A16: ABB-0015 | B16: Orion1-4-30-105-E Transmitter+ Receiver Orion1-4-30-105-E | C16: Critical Spares-CS | D16: 6215.81 | E16: Yes | F16: 1 | G16: 2 | H16: 2 | I16: =Table43[[#This Row],[Item Cost]]*Table43[[#This Row],[In Stock]] -> 12431.62 | J16: Maintenance Section | K16: Critical Spares | L16: ABB | M16: Safety Light barrier | N16: FSFCM/ FSRCM | O16: =IF(LEN(COUNTIFS($J$1:J16,$J16,$K$1:K16,$K16,$L$1:L16,$L16,$M$1:M16,M16,$N$1:N16,N16))=1,"00"&COUNTIFS($J$1:J16,$J16,$K$1:K16,$K16,$L$1:L16,$L16,$M$1:M16,M16,$N$1:N16,N16),IF(LEN(COUNTIFS($J$1:J16,$J16,$K$1:K16,$K16,$L$1:L16,$L16,$M$1:M16,M16,$N$1:N16,N16))=2,"0"&COUNTIFS($J$1:J16,$J16,$K$1:K16,$K16,$L$1:L16,$L16,$M$1:M16,M16,$N$1:N16,N16),COUNTIFS($J$1:J16,$J16,$K$1:K16,$K16,$L$1:L16,$L16,$M$1:M16,M16,$N$1:N16,N16))) -> 001 | P16: =VLOOKUP(Table43[[#This Row],[Department]],'Mapping code'!A:B,2,0)&"-"&VLOOKUP(Table43[[#This Row],[Category]],'Mapping code'!E:F,2,0)&"-"&VLOOKUP(Table43[[#This Row],[Machine]],'Mapping code'!I:J,2,0)&"-"&VLOOKUP(Table43[[#This Row],[Product Nature]],'Mapping code'!N:O,2,0)&"-"&VLOOKUP(Table43[[#This Row],[Category2]],'Mapping code'!Q:R,2,0)&Table43[[#This Row],[Seq]]&IF(Table43[[#This Row],[New Inventory]]="Yes","-INV","") -> MS-CS-004-15-01001-INV | Q16: DRILL & TAP A | R16: MP-CS-004-00-00015 | S16: Orion1-4-30-105-E Transmitter+ Receiver Orion1-4-30-105-E | T16: =+IFERROR(_xlfn.XLOOKUP(Table43[[#This Row],[Column1]],#REF!,#REF!),0) -> 0 | U16: =IFERROR(_xlfn.XLOOKUP(Table43[[#This Row],[Column1]],#REF!,#REF!),0) -> 0
A17: ABB-0016 | B17: Orion1-4-30-120-B Transmitter+ Receiver Orion1-4-30-120-B | C17: Critical Spares-CS | D17: 5213.26 | E17: Yes | F17: 1 | G17: 2 | H17: 1 | I17: =Table43[[#This Row],[Item Cost]]*Table43[[#This Row],[In Stock]] -> 5213.26 | J17: Maintenance Section | K17: Critical Spares | L17: ABB | M17: Safety Light barrier | N17: FSFCM/ FSRCM | O17: =IF(LEN(COUNTIFS($J$1:J17,$J17,$K$1:K17,$K17,$L$1:L17,$L17,$M$1:M17,M17,$N$1:N17,N17))=1,"00"&COUNTIFS($J$1:J17,$J17,$K$1:K17,$K17,$L$1:L17,$L17,$M$1:M17,M17,$N$1:N17,N17),IF(LEN(COUNTIFS($J$1:J17,$J17,$K$1:K17,$K17,$L$1:L17,$L17,$M$1:M17,M17,$N$1:N17,N17))=2,"0"&COUNTIFS($J$1:J17,$J17,$K$1:K17,$K17,$L$1:L17,$L17,$M$1:M17,M17,$N$1:N17,N17),COUNTIFS($J$1:J17,$J17,$K$1:K17,$K17,$L$1:L17,$L17,$M$1:M17,M17,$N$1:N17,N17))) -> 002 | P17: =VLOOKUP(Table43[[#This Row],[Department]],'Mapping code'!A:B,2,0)&"-"&VLOOKUP(Table43[[#This Row],[Category]],'Mapping code'!E:F,2,0)&"-"&VLOOKUP(Table43[[#This Row],[Machine]],'Mapping code'!I:J,2,0)&"-"&VLOOKUP(Table43[[#This Row],[Product Nature]],'Mapping code'!N:O,2,0)&"-"&VLOOKUP(Table43[[#This Row],[Category2]],'Mapping code'!Q:R,2,0)&Table43[[#This Row],[Seq]]&IF(Table43[[#This Row],[New Inventory]]="Yes","-INV","") -> MS-CS-004-15-01002-INV | Q17: DRILL & TAP A | R17: MP-CS-004-00-00016 | S17: Orion1-4-30-120-B Transmitter+ Receiver Orion1-4-30-120-B | T17: =+IFERROR(_xlfn.XLOOKUP(Table43[[#This Row],[Column1]],#REF!,#REF!),0) -> 0 | U17: =IFERROR(_xlfn.XLOOKUP(Table43[[#This Row],[Column1]],#REF!,#REF!),0) -> 0
A18: ABB-0017 | B18: PT-C005PT -Cascade cable for O1E, 0.05 m 2TLA022315R1200 | C18: Critical Spares-CS | D18: 120.305 | E18: Yes | F18: 1 | G18: 2 | H18: 2 | I18: =Table43[[#This Row],[Item Cost]]*Table43[[#This Row],[In Stock]] -> 240.61 | J18: Maintenance Section | K18: Critical Spares | L18: ABB | M18: Cable | N18: FSFCM/ FSRCM | O18: =IF(LEN(COUNTIFS($J$1:J18,$J18,$K$1:K18,$K18,$L$1:L18,$L18,$M$1:M18,M18,$N$1:N18,N18))=1,"00"&COUNTIFS($J$1:J18,$J18,$K$1:K18,$K18,$L$1:L18,$L18,$M$1:M18,M18,$N$1:N18,N18),IF(LEN(COUNTIFS($J$1:J18,$J18,$K$1:K18,$K18,$L$1:L18,$L18,$M$1:M18,M18,$N$1:N18,N18))=2,"0"&COUNTIFS($J$1:J18,$J18,$K$1:K18,$K18,$L$1:L18,$L18,$M$1:M18,M18,$N$1:N18,N18),COUNTIFS($J$1:J18,$J18,$K$1:K18,$K18,$L$1:L18,$L18,$M$1:M18,M18,$N$1:N18,N18))) -> 005 | P18: =VLOOKUP(Table43[[#This Row],[Department]],'Mapping code'!A:B,2,0)&"-"&VLOOKUP(Table43[[#This Row],[Category]],'Mapping code'!E:F,2,0)&"-"&VLOOKUP(Table43[[#This Row],[Machine]],'Mapping code'!I:J,2,0)&"-"&VLOOKUP(Table43[[#This Row],[Product Nature]],'Mapping code'!N:O,2,0)&"-"&VLOOKUP(Table43[[#This Row],[Category2]],'Mapping code'!Q:R,2,0)&Table43[[#This Row],[Seq]]&IF(Table43[[#This Row],[New Inventory]]="Yes","-INV","") -> MS-CS-004-13-01005-INV | Q18: ABB A | R18: MP-CS-004-00-00017 | S18: PT-C005PT -Cascade cable for O1E, 0.05 m 2TLA022315R1200 | T18: =+IFERROR(_xlfn.XLOOKUP(Table43[[#This Row],[Column1]],#REF!,#REF!),0) -> 0 | U18: =IFERROR(_xlfn.XLOOKUP(Table43[[#This Row],[Column1]],#REF!,#REF!),0) -> 0
A19: ABB-0018 | B19: Adam DYN-Info M12-5 connnector 2TLA020051R5100 | C19: Critical Spares-CS | D19: 379 | E19: Yes | F19: 1 | G19: 2 | H19: 6 | I19: =Table43[[#This Row],[Item Cost]]*Table43[[#This Row],[In Stock]] -> 2274 | J19: Maintenance Section | K19: Critical Spares | L19: ABB | M19: Safety interlock | N19: FSFCM/ FSRCM | O19: =IF(LEN(COUNTIFS($J$1:J19,$J19,$K$1:K19,$K19,$L$1:L19,$L19,$M$1:M19,M19,$N$1:N19,N19))=1,"00"&COUNTIFS($J$1:J19,$J19,$K$1:K19,$K19,$L$1:L19,$L19,$M$1:M19,M19,$N$1:N19,N19),IF(LEN(COUNTIFS($J$1:J19,$J19,$K$1:K19,$K19,$L$1:L19,$L19,$M$1:M19,M19,$N$1:N19,N19))=2,"0"&COUNTIFS($J$1:J19,$J19,$K$1:K19,$K19,$L$1:L19,$L19,$M$1:M19,M19,$N$1:N19,N19),COUNTIFS($J$1:J19,$J19,$K$1:K19,$K19,$L$1:L19,$L19,$M$1:M19,M19,$N$1:N19,N19))) -> 001 | P19: =VLOOKUP(Table43[[#This Row],[Department]],'Mapping code'!A:B,2,0)&"-"&VLOOKUP(Table43[[#This Row],[Category]],'Mapping code'!E:F,2,0)&"-"&VLOOKUP(Table43[[#This Row],[Machine]],'Mapping code'!I:J,2,0)&"-"&VLOOKUP(Table43[[#This Row],[Product Nature]],'Mapping code'!N:O,2,0)&"-"&VLOOKUP(Table43[[#This Row],[Category2]],'Mapping code'!Q:R,2,0)&Table43[[#This Row],[Seq]]&IF(Table43[[#This Row],[New Inventory]]="Yes","-INV","") -> MS-CS-004-27-01001-INV | Q19: ABB A | R19: MP-CS-004-00-00018 | S19: Adam DYN-Info M12-5 connnector 2TLA020051R5100 | T19: =+IFERROR(_xlfn.XLOOKUP(Table43[[#This Row],[Column1]],#REF!,#REF!),0) -> 0 | U19: =IFERROR(_xlfn.XLOOKUP(Table43[[#This Row],[Column1]],#REF!,#REF!),0) -> 0
A20: ABB-0019 | B20: Eva General code 2TLA020046R0800 | C20: Critical Spares-CS | D20: 124 | E20: Yes | F20: 1 | G20: 2 | H20: 7 | I20: =Table43[[#This Row],[Item Cost]]*Table43[[#This Row],[In Stock]] -> 868 | J20: Maintenance Section | K20: Critical Spares | L20: ABB | M20: Safety interlock | N20: FSFCM/ FSRCM | O20: =IF(LEN(COUNTIFS($J$1:J20,$J20,$K$1:K20,$K20,$L$1:L20,$L20,$M$1:M20,M20,$N$1:N20,N20))=1,"00"&COUNTIFS($J$1:J20,$J20,$K$1:K20,$K20,$L$1:L20,$L20,$M$1:M20,M20,$N$1:N20,N20),IF(LEN(COUNTIFS($J$1:J20,$J20,$K$1:K20,$K20,$L$1:L20,$L20,$M$1:M20,M20,$N$1:N20,N20))=2,"0"&COUNTIFS($J$1:J20,$J20,$K$1:K20,$K20,$L$1:L20,$L20,$M$1:M20,M20,$N$1:N20,N20),COUNTIFS($J$1:J20,$J20,$K$1:K20,$K20,$L$1:L20,$L20,$M$1:M20,M20,$N$1:N20,N20))) -> 002 | P20: =VLOOKUP(Table43[[#This Row],[Department]],'Mapping code'!A:B,2,0)&"-"&VLOOKUP(Table43[[#This Row],[Category]],'Mapping code'!E:F,2,0)&"-"&VLOOKUP(Table43[[#This Row],[Machine]],'Mapping code'!I:J,2,0)&"-"&VLOOKUP(Table43[[#This Row],[Product Nature]],'Mapping code'!N:O,2,0)&"-"&VLOOKUP(Table43[[#This Row],[Category2]],'Mapping code'!Q:R,2,0)&Table43[[#This Row],[Seq]]&IF(Table43[[#This Row],[New Inventory]]="Yes","-INV","") -> MS-CS-004-27-01002-INV | Q20: ABB A | R20: MP-CS-004-00-00019 | S20: Eva General code 2TLA020046R0800 | T20: =+IFERROR(_xlfn.XLOOKUP(Table43[[#This Row],[Column1]],#REF!,#REF!),0) -> 0 | U20: =IFERROR(_xlfn.XLOOKUP(Table43[[#This Row],[Column1]],#REF!,#REF!),0) -> 0
A21: ABB-0020 | B21: CIMR-VC4A0031FAA, YASKAWA Inverter V1000 | C21: Critical Spares-CS | D21: 4598 | E21: Yes | F21: 1 | G21: 2 | H21: 2 | I21: =Table43[[#This Row],[Item Cost]]*Table43[[#This Row],[In Stock]] -> 9196 | J21: Maintenance Section | K21: Critical Spares | L21: ABB | M21: Drive | N21: FSFCM/ FSRCM | O21: =IF(LEN(COUNTIFS($J$1:J21,$J21,$K$1:K21,$K21,$L$1:L21,$L21,$M$1:M21,M21,$N$1:N21,N21))=1,"00"&COUNTIFS($J$1:J21,$J21,$K$1:K21,$K21,$L$1:L21,$L21,$M$1:M21,M21,$N$1:N21,N21),IF(LEN(COUNTIFS($J$1:J21,$J21,$K$1:K21,$K21,$L$1:L21,$L21,$M$1:M21,M21,$N$1:N21,N21))=2,"0"&COUNTIFS($J$1:J21,$J21,$K$1:K21,$K21,$L$1:L21,$L21,$M$1:M21,M21,$N$1:N21,N21),COUNTIFS($J$1:J21,$J21,$K$1:K21,$K21,$L$1:L21,$L21,$M$1:M21,M21,$N$1:N21,N21))) -> 005 | P21: =VLOOKUP(Table43[[#This Row],[Department]],'Mapping code'!A:B,2,0)&"-"&VLOOKUP(Table43[[#This Row],[Category]],'Mapping code'!E:F,2,0)&"-"&VLOOKUP(Table43[[#This Row],[Machine]],'Mapping code'!I:J,2,0)&"-"&VLOOKUP(Table43[[#This Row],[Product Nature]],'Mapping code'!N:O,2,0)&"-"&VLOOKUP(Table43[[#This Row],[Category2]],'Mapping code'!Q:R,2,0)&Table43[[#This Row],[Seq]]&IF(Table43[[#This Row],[New Inventory]]="Yes","-INV","") -> MS-CS-004-01-01005-INV | Q21: ABB C | R21: MP-CS-004-00-00020 | S21: CIMR-VC4A0031FAA, YASKAWA Inverter V1000 | T21: =+IFERROR(_xlfn.XLOOKUP(Table43[[#This Row],[Column1]],#REF!,#REF!),0) -> 0 | U21: =IFERROR(_xlfn.XLOOKUP(Table43[[#This Row],[Column1]],#REF!,#REF!),0) -> 0
... A34: ABB-0033 | B34: Cutting ring L08 S08 | C34: Normal Spares-NS | D34: 1.24 | E34: Yes | F34: 1 | G34: 10 | H34: 55 | I34: =Table43[[#This Row],[Item Cost]]*Table43[[#This Row],[In Stock]] -> 68.2 | J34: Maintenance Section | K34: Normal Spares | L34: ABB | M34: Hydraulic components | N34: FSFCM/ FSRCM | O34: =IF(LEN(COUNTIFS($J$1:J34,$J34,$K$1:K34,$K34,$L$1:L34,$L34,$M$1:M34,M34,$N$1:N34,N34))=1,"00"&COUNTIFS($J$1:J34,$J34,$K$1:K34,$K34,$L$1:L34,$L34,$M$1:M34,M34,$N$1:N34,N34),IF(LEN(COUNTIFS($J$1:J34,$J34,$K$1:K34,$K34,$L$1:L34,$L34,$M$1:M34,M34,$N$1:N34,N34))=2,"0"&COUNTIFS($J$1:J34,$J34,$K$1:K34,$K34,$L$1:L34,$L34,$M$1:M34,M34,$N$1:N34,N34),COUNTIFS($J$1:J34,$J34,$K$1:K34,$K34,$L$1:L34,$L34,$M$1:M34,M34,$N$1:N34,N34))) -> 010 | P34: =VLOOKUP(Table43[[#This Row],[Department]],'Mapping code'!A:B,2,0)&"-"&VLOOKUP(Table43[[#This Row],[Category]],'Mapping code'!E:F,2,0)&"-"&VLOOKUP(Table43[[#This Row],[Machine]],'Mapping code'!I:J,2,0)&"-"&VLOOKUP(Table43[[#This Row],[Product Nature]],'Mapping code'!N:O,2,0)&"-"&VLOOKUP(Table43[[#This Row],[Category2]],'Mapping code'!Q:R,2,0)&Table43[[#This Row],[Seq]]&IF(Table43[[#This Row],[New Inventory]]="Yes","-INV","") -> MS-NS-004-18-01010-INV | Q34: ABB A | R34: MP-NS-004-00-00011 | S34: Cutting ring L08 S08 | T34: =+IFERROR(_xlfn.XLOOKUP(Table43[[#This Row],[Column1]],#REF!,#REF!),0) -> 0 | U34: =IFERROR(_xlfn.XLOOKUP(Table43[[#This Row],[Column1]],#REF!,#REF!),0) -> 0
A35: ABB-0034 | B35: Hydraulic tube 6x1.5 ST37.4 NBK | C35: Normal Spares-NS | D35: 74.615 | E35: Yes | F35: 1 | G35: 10 | H35: 18 | I35: =Table43[[#This Row],[Item Cost]]*Table43[[#This Row],[In Stock]] -> 1343.07 | J35: Maintenance Section | K35: Normal Spares | L35: ABB | M35: Hydraulic components | N35: FSFCM/ FSRCM | O35: =IF(LEN(COUNTIFS($J$1:J35,$J35,$K$1:K35,$K35,$L$1:L35,$L35,$M$1:M35,M35,$N$1:N35,N35))=1,"00"&COUNTIFS($J$1:J35,$J35,$K$1:K35,$K35,$L$1:L35,$L35,$M$1:M35,M35,$N$1:N35,N35),IF(LEN(COUNTIFS($J$1:J35,$J35,$K$1:K35,$K35,$L$1:L35,$L35,$M$1:M35,M35,$N$1:N35,N35))=2,"0"&COUNTIFS($J$1:J35,$J35,$K$1:K35,$K35,$L$1:L35,$L35,$M$1:M35,M35,$N$1:N35,N35),COUNTIFS($J$1:J35,$J35,$K$1:K35,$K35,$L$1:L35,$L35,$M$1:M35,M35,$N$1:N35,N35))) -> 011 | P35: =VLOOKUP(Table43[[#This Row],[Department]],'Mapping code'!A:B,2,0)&"-"&VLOOKUP(Table43[[#This Row],[Category]],'Mapping code'!E:F,2,0)&"-"&VLOOKUP(Table43[[#This Row],[Machine]],'Mapping code'!I:J,2,0)&"-"&VLOOKUP(Table43[[#This Row],[Product Nature]],'Mapping code'!N:O,2,0)&"-"&VLOOKUP(Table43[[#This Row],[Category2]],'Mapping code'!Q:R,2,0)&Table43[[#This Row],[Seq]]&IF(Table43[[#This Row],[New Inventory]]="Yes","-INV","") -> MS-NS-004-18-01011-INV | R35: MP-NS-004-00-00012 | S35: Hydraulic tube 6x1.5 ST37.4 NBK | T35: =+IFERROR(_xlfn.XLOOKUP(Table43[[#This Row],[Column1]],#REF!,#REF!),0) -> 0 | U35: =IFERROR(_xlfn.XLOOKUP(Table43[[#This Row],[Column1]],#REF!,#REF!),0) -> 0
A36: ABB-0035 | B36: Hydraulic tube 8x1.5 ST37.4 NBK gv. | C36: Normal Spares-NS | D36: 93.071 | E36: Yes | F36: 1 | G36: 10 | H36: 17 | I36: =Table43[[#This Row],[Item Cost]]*Table43[[#This Row],[In Stock]] -> 1582.207 | J36: Maintenance Section | K36: Normal Spares | L36: ABB | M36: Hydraulic components | N36: FSFCM/ FSRCM | O36: =IF(LEN(COUNTIFS($J$1:J36,$J36,$K$1:K36,$K36,$L$1:L36,$L36,$M$1:M36,M36,$N$1:N36,N36))=1,"00"&COUNTIFS($J$1:J36,$J36,$K$1:K36,$K36,$L$1:L36,$L36,$M$1:M36,M36,$N$1:N36,N36),IF(LEN(COUNTIFS($J$1:J36,$J36,$K$1:K36,$K36,$L$1:L36,$L36,$M$1:M36,M36,$N$1:N36,N36))=2,"0"&COUNTIFS($J$1:J36,$J36,$K$1:K36,$K36,$L$1:L36,$L36,$M$1:M36,M36,$N$1:N36,N36),COUNTIFS($J$1:J36,$J36,$K$1:K36,$K36,$L$1:L36,$L36,$M$1:M36,M36,$N$1:N36,N36))) -> 012 | P36: =VLOOKUP(Table43[[#This Row],[Department]],'Mapping code'!A:B,2,0)&"-"&VLOOKUP(Table43[[#This Row],[Category]],'Mapping code'!E:F,2,0)&"-"&VLOOKUP(Table43[[#This Row],[Machine]],'Mapping code'!I:J,2,0)&"-"&VLOOKUP(Table43[[#This Row],[Product Nature]],'Mapping code'!N:O,2,0)&"-"&VLOOKUP(Table43[[#This Row],[Category2]],'Mapping code'!Q:R,2,0)&Table43[[#This Row],[Seq]]&IF(Table43[[#This Row],[New Inventory]]="Yes","-INV","") -> MS-NS-004-18-01012-INV | R36: MP-NS-004-00-00013 | S36: Hydraulic tube 8x1.5 ST37.4 NBK gv. | T36: =+IFERROR(_xlfn.XLOOKUP(Table43[[#This Row],[Column1]],#REF!,#REF!),0) -> 0 | U36: =IFERROR(_xlfn.XLOOKUP(Table43[[#This Row],[Column1]],#REF!,#REF!),0) -> 0
A37: ABB-0036 | B37: Connector M/M AGR1/8"-WD CEL06 | C37: Normal Spares-NS | D37: 4.52 | E37: Yes | F37: 1 | G37: 10 | H37: 35 | I37: =Table43[[#This Row],[Item Cost]]*Table43[[#This Row],[In Stock]] -> 158.2 | J37: Maintenance Section | K37: Normal Spares | L37: ABB | M37: Hydraulic components | N37: FSFCM/ FSRCM | O37: =IF(LEN(COUNTIFS($J$1:J37,$J37,$K$1:K37,$K37,$L$1:L37,$L37,$M$1:M37,M37,$N$1:N37,N37))=1,"00"&COUNTIFS($J$1:J37,$J37,$K$1:K37,$K37,$L$1:L37,$L37,$M$1:M37,M37,$N$1:N37,N37),IF(LEN(COUNTIFS($J$1:J37,$J37,$K$1:K37,$K37,$L$1:L37,$L37,$M$1:M37,M37,$N$1:N37,N37))=2,"0"&COUNTIFS($J$1:J37,$J37,$K$1:K37,$K37,$L$1:L37,$L37,$M$1:M37,M37,$N$1:N37,N37),COUNTIFS($J$1:J37,$J37,$K$1:K37,$K37,$L$1:L37,$L37,$M$1:M37,M37,$N$1:N37,N37))) -> 013 | P37: =VLOOKUP(Table43[[#This Row],[Department]],'Mapping code'!A:B,2,0)&"-"&VLOOKUP(Table43[[#This Row],[Category]],'Mapping code'!E:F,2,0)&"-"&VLOOKUP(Table43[[#This Row],[Machine]],'Mapping code'!I:J,2,0)&"-"&VLOOKUP(Table43[[#This Row],[Product Nature]],'Mapping code'!N:O,2,0)&"-"&VLOOKUP(Table43[[#This Row],[Category2]],'Mapping code'!Q:R,2,0)&Table43[[#This Row],[Seq]]&IF(Table43[[#This Row],[New Inventory]]="Yes","-INV","") -> MS-NS-004-18-01013-INV | Q37: ABB A | R37: MP-NS-004-00-00014 | S37: Connector M/M AGR1/8"-WD CEL06 | T37: =+IFERROR(_xlfn.XLOOKUP(Table43[[#This Row],[Column1]],#REF!,#REF!),0) -> 0 | U37: =IFERROR(_xlfn.XLOOKUP(Table43[[#This Row],[Column1]],#REF!,#REF!),0) -> 0
A38: ABB-0037 | B38: Connector M/M AGR1/8"-WD CEL08 | C38: Normal Spares-NS | D38: 6.61 | E38: Yes | F38: 1 | G38: 10 | H38: 16 | I38: =Table43[[#This Row],[Item Cost]]*Table43[[#This Row],[In Stock]] -> 105.76 | J38: Maintenance Section | K38: Normal Spares | L38: ABB | M38: Hydraulic components | N38: FSFCM/ FSRCM | O38: =IF(LEN(COUNTIFS($J$1:J38,$J38,$K$1:K38,$K38,$L$1:L38,$L38,$M$1:M38,M38,$N$1:N38,N38))=1,"00"&COUNTIFS($J$1:J38,$J38,$K$1:K38,$K38,$L$1:L38,$L38,$M$1:M38,M38,$N$1:N38,N38),IF(LEN(COUNTIFS($J$1:J38,$J38,$K$1:K38,$K38,$L$1:L38,$L38,$M$1:M38,M38,$N$1:N38,N38))=2,"0"&COUNTIFS($J$1:J38,$J38,$K$1:K38,$K38,$L$1:L38,$L38,$M$1:M38,M38,$N$1:N38,N38),COUNTIFS($J$1:J38,$J38,$K$1:K38,$K38,$L$1:L38,$L38,$M$1:M38,M38,$N$1:N38,N38))) -> 014 | P38: =VLOOKUP(Table43[[#This Row],[Department]],'Mapping code'!A:B,2,0)&"-"&VLOOKUP(Table43[[#This Row],[Category]],'Mapping code'!E:F,2,0)&"-"&VLOOKUP(Table43[[#This Row],[Machine]],'Mapping code'!I:J,2,0)&"-"&VLOOKUP(Table43[[#This Row],[Product Nature]],'Mapping code'!N:O,2,0)&"-"&VLOOKUP(Table43[[#This Row],[Category2]],'Mapping code'!Q:R,2,0)&Table43[[#This Row],[Seq]]&IF(Table43[[#This Row],[New Inventory]]="Yes","-INV","") -> MS-NS-004-18-01014-INV | Q38: ABB A | R38: MP-NS-004-00-00015 | S38: Connector M/M AGR1/8"-WD CEL08 | T38: =+IFERROR(_xlfn.XLOOKUP(Table43[[#This Row],[Column1]],#REF!,#REF!),0) -> 0 | U38: =IFERROR(_xlfn.XLOOKUP(Table43[[#This Row],[Column1]],#REF!,#REF!),0) -> 0
A39: ABB-0038 | B39: Connector M/M AGR1/8" CEL08 | C39: Normal Spares-NS | D39: 4.72 | E39: Yes | F39: 1 | G39: 10 | H39: 4 | I39: =Table43[[#This Row],[Item Cost]]*Table43[[#This Row],[In Stock]] -> 18.88 | J39: Maintenance Section | K39: Normal Spares | L39: ABB | M39: Hydraulic components | N39: FSFCM/ FSRCM | O39: =IF(LEN(COUNTIFS($J$1:J39,$J39,$K$1:K39,$K39,$L$1:L39,$L39,$M$1:M39,M39,$N$1:N39,N39))=1,"00"&COUNTIFS($J$1:J39,$J39,$K$1:K39,$K39,$L$1:L39,$L39,$M$1:M39,M39,$N$1:N39,N39),IF(LEN(COUNTIFS($J$1:J39,$J39,$K$1:K39,$K39,$L$1:L39,$L39,$M$1:M39,M39,$N$1:N39,N39))=2,"0"&COUNTIFS($J$1:J39,$J39,$K$1:K39,$K39,$L$1:L39,$L39,$M$1:M39,M39,$N$1:N39,N39),COUNTIFS($J$1:J39,$J39,$K$1:K39,$K39,$L$1:L39,$L39,$M$1:M39,M39,$N$1:N39,N39))) -> 015 | P39: =VLOOKUP(Table43[[#This Row],[Department]],'Mapping code'!A:B,2,0)&"-"&VLOOKUP(Table43[[#This Row],[Category]],'Mapping code'!E:F,2,0)&"-"&VLOOKUP(Table43[[#This Row],[Machine]],'Mapping code'!I:J,2,0)&"-"&VLOOKUP(Table43[[#This Row],[Product Nature]],'Mapping code'!N:O,2,0)&"-"&VLOOKUP(Table43[[#This Row],[Category2]],'Mapping code'!Q:R,2,0)&Table43[[#This Row],[Seq]]&IF(Table43[[#This Row],[New Inventory]]="Yes","-INV","") -> MS-NS-004-18-01015-INV | R39: MP-NS-004-00-00016 | S39: Connector M/M AGR1/8" CEL08 | T39: =+IFERROR(_xlfn.XLOOKUP(Table43[[#This Row],[Column1]],#REF!,#REF!),0) -> 0 | U39: =IFERROR(_xlfn.XLOOKUP(Table43[[#This Row],[Column1]],#REF!,#REF!),0) -> 0
A40: ABB-0039 | B40: Bonded seal cent. 13.74x20.57x2.1 NBR | C40: Normal Spares-NS | D40: 1.24 | E40: Yes | F40: 1 | G40: 10 | H40: 4 | I40: =Table43[[#This Row],[Item Cost]]*Table43[[#This Row],[In Stock]] -> 4.96 | J40: Maintenance Section | K40: Normal Spares | L40: ABB | M40: Hydraulic components | N40: FSFCM/ FSRCM | O40: =IF(LEN(COUNTIFS($J$1:J40,$J40,$K$1:K40,$K40,$L$1:L40,$L40,$M$1:M40,M40,$N$1:N40,N40))=1,"00"&COUNTIFS($J$1:J40,$J40,$K$1:K40,$K40,$L$1:L40,$L40,$M$1:M40,M40,$N$1:N40,N40),IF(LEN(COUNTIFS($J$1:J40,$J40,$K$1:K40,$K40,$L$1:L40,$L40,$M$1:M40,M40,$N$1:N40,N40))=2,"0"&COUNTIFS($J$1:J40,$J40,$K$1:K40,$K40,$L$1:L40,$L40,$M$1:M40,M40,$N$1:N40,N40),COUNTIFS($J$1:J40,$J40,$K$1:K40,$K40,$L$1:L40,$L40,$M$1:M40,M40,$N$1:N40,N40))) -> 016 | P40: =VLOOKUP(Table43[[#This Row],[Department]],'Mapping code'!A:B,2,0)&"-"&VLOOKUP(Table43[[#This Row],[Category]],'Mapping code'!E:F,2,0)&"-"&VLOOKUP(Table43[[#This Row],[Machine]],'Mapping code'!I:J,2,0)&"-"&VLOOKUP(Table43[[#This Row],[Product Nature]],'Mapping code'!N:O,2,0)&"-"&VLOOKUP(Table43[[#This Row],[Category2]],'Mapping code'!Q:R,2,0)&Table43[[#This Row],[Seq]]&IF(Table43[[#This Row],[New Inventory]]="Yes","-INV","") -> MS-NS-004-18-01016-INV | Q40: ABB C | R40: MP-NS-004-00-00017 | S40: Bonded seal cent. 13.74x20.57x2.1 NBR | T40: =+IFERROR(_xlfn.XLOOKUP(Table43[[#This Row],[Column1]],#REF!,#REF!),0) -> 0 | U40: =IFERROR(_xlfn.XLOOKUP(Table43[[#This Row],[Column1]],#REF!,#REF!),0) -> 0
A41: ABB-0040 | B41: Hydraulic Seal 3 parts 20mm | C41: Normal Spares-NS | D41: 10 | E41: Yes | F41: 1 | G41: 10 | H41: 6 | I41: =Table43[[#This Row],[Item Cost]]*Table43[[#This Row],[In Stock]] -> 60 | J41: Maintenance Section | K41: Normal Spares | L41: ABB | M41: Hydraulic components | N41: FSFCM/ FSRCM | O41: =IF(LEN(COUNTIFS($J$1:J41,$J41,$K$1:K41,$K41,$L$1:L41,$L41,$M$1:M41,M41,$N$1:N41,N41))=1,"00"&COUNTIFS($J$1:J41,$J41,$K$1:K41,$K41,$L$1:L41,$L41,$M$1:M41,M41,$N$1:N41,N41),IF(LEN(COUNTIFS($J$1:J41,$J41,$K$1:K41,$K41,$L$1:L41,$L41,$M$1:M41,M41,$N$1:N41,N41))=2,"0"&COUNTIFS($J$1:J41,$J41,$K$1:K41,$K41,$L$1:L41,$L41,$M$1:M41,M41,$N$1:N41,N41),COUNTIFS($J$1:J41,$J41,$K$1:K41,$K41,$L$1:L41,$L41,$M$1:M41,M41,$N$1:N41,N41))) -> 017 | P41: =VLOOKUP(Table43[[#This Row],[Department]],'Mapping code'!A:B,2,0)&"-"&VLOOKUP(Table43[[#This Row],[Category]],'Mapping code'!E:F,2,0)&"-"&VLOOKUP(Table43[[#This Row],[Machine]],'Mapping code'!I:J,2,0)&"-"&VLOOKUP(Table43[[#This Row],[Product Nature]],'Mapping code'!N:O,2,0)&"-"&VLOOKUP(Table43[[#This Row],[Category2]],'Mapping code'!Q:R,2,0)&Table43[[#This Row],[Seq]]&IF(Table43[[#This Row],[New Inventory]]="Yes","-INV","") -> MS-NS-004-18-01017-INV | Q41: ABB A | R41: MP-NS-004-00-00018 | S41: Hydraulic Seal 3 parts 20mm | T41: =+IFERROR(_xlfn.XLOOKUP(Table43[[#This Row],[Column1]],#REF!,#REF!),0) -> 0 | U41: =IFERROR(_xlfn.XLOOKUP(Table43[[#This Row],[Column1]],#REF!,#REF!),0) -> 0
A42: ABB-0041 | B42: PAKMB-68/70 Combi Middle Jaw - Dresspack | C42: Normal Spares-NS | D42: 34.02 | E42: Yes | F42: 1 | G42: 5 | H42: 0 | I42: =Table43[[#This Row],[Item Cost]]*Table43[[#This Row],[In Stock]] -> 0 | J42: Maintenance Section | K42: Normal Spares | L42: ABB | M42: Clamp | N42: FSFCM/ FSRCM | O42: =IF(LEN(COUNTIFS($J$1:J42,$J42,$K$1:K42,$K42,$L$1:L42,$L42,$M$1:M42,M42,$N$1:N42,N42))=1,"00"&COUNTIFS($J$1:J42,$J42,$K$1:K42,$K42,$L$1:L42,$L42,$M$1:M42,M42,$N$1:N42,N42),IF(LEN(COUNTIFS($J$1:J42,$J42,$K$1:K42,$K42,$L$1:L42,$L42,$M$1:M42,M42,$N$1:N42,N42))=2,"0"&COUNTIFS($J$1:J42,$J42,$K$1:K42,$K42,$L$1:L42,$L42,$M$1:M42,M42,$N$1:N42,N42),COUNTIFS($J$1:J42,$J42,$K$1:K42,$K42,$L$1:L42,$L42,$M$1:M42,M42,$N$1:N42,N42))) -> 001 | P42: =VLOOKUP(Table43[[#This Row],[Department]],'Mapping code'!A:B,2,0)&"-"&VLOOKUP(Table43[[#This Row],[Category]],'Mapping code'!E:F,2,0)&"-"&VLOOKUP(Table43[[#This Row],[Machine]],'Mapping code'!I:J,2,0)&"-"&VLOOKUP(Table43[[#This Row],[Product Nature]],'Mapping code'!N:O,2,0)&"-"&VLOOKUP(Table43[[#This Row],[Category2]],'Mapping code'!Q:R,2,0)&Table43[[#This Row],[Seq]]&IF(Table43[[#This Row],[New Inventory]]="Yes","-INV","") -> MS-NS-004-08-01001-INV | R42: MP-NS-004-00-00019 | S42: PAKMB-68/70 Combi Middle Jaw - Dresspack | T42: =+IFERROR(_xlfn.XLOOKUP(Table43[[#This Row],[Column1]],#REF!,#REF!),0) -> 0 | U42: =IFERROR(_xlfn.XLOOKUP(Table43[[#This Row],[Column1]],#REF!,#REF!),0) -> 0
A43: ABB-0042 | B43: POKGB-70 Jaws for "Ball Joint" Assembly - Dresspack | C43: Normal Spares-NS | D43: 27.251 | E43: Yes | F43: 1 | G43: 5 | H43: 0 | I43: =Table43[[#This Row],[Item Cost]]*Table43[[#This Row],[In Stock]] -> 0 | J43: Maintenance Section | K43: Normal Spares | L43: ABB | M43: Clamp | N43: FSFCM/ FSRCM | O43: =IF(LEN(COUNTIFS($J$1:J43,$J43,$K$1:K43,$K43,$L$1:L43,$L43,$M$1:M43,M43,$N$1:N43,N43))=1,"00"&COUNTIFS($J$1:J43,$J43,$K$1:K43,$K43,$L$1:L43,$L43,$M$1:M43,M43,$N$1:N43,N43),IF(LEN(COUNTIFS($J$1:J43,$J43,$K$1:K43,$K43,$L$1:L43,$L43,$M$1:M43,M43,$N$1:N43,N43))=2,"0"&COUNTIFS($J$1:J43,$J43,$K$1:K43,$K43,$L$1:L43,$L43,$M$1:M43,M43,$N$1:N43,N43),COUNTIFS($J$1:J43,$J43,$K$1:K43,$K43,$L$1:L43,$L43,$M$1:M43,M43,$N$1:N43,N43))) -> 002 | P43: =VLOOKUP(Table43[[#This Row],[Department]],'Mapping code'!A:B,2,0)&"-"&VLOOKUP(Table43[[#This Row],[Category]],'Mapping code'!E:F,2,0)&"-"&VLOOKUP(Table43[[#This Row],[Machine]],'Mapping code'!I:J,2,0)&"-"&VLOOKUP(Table43[[#This Row],[Product Nature]],'Mapping code'!N:O,2,0)&"-"&VLOOKUP(Table43[[#This Row],[Category2]],'Mapping code'!Q:R,2,0)&Table43[[#This Row],[Seq]]&IF(Table43[[#This Row],[New Inventory]]="Yes","-INV","") -> MS-NS-004-08-01002-INV | R43: MP-NS-004-00-00020 | S43: POKGB-70 Jaws for "Ball Joint" Assembly - Dresspack | T43: =+IFERROR(_xlfn.XLOOKUP(Table43[[#This Row],[Column1]],#REF!,#REF!),0) -> 0 | U43: =IFERROR(_xlfn.XLOOKUP(Table43[[#This Row],[Column1]],#REF!,#REF!),0) -> 0
A44: ABB-0043 | B44: PAPRB-68 Protector; NW 68; Black - Dresspack | C44: Normal Spares-NS | D44: 0 | E44: Yes | F44: 1 | G44: 5 | H44: 0 | I44: =Table43[[#This Row],[Item Cost]]*Table43[[#This Row],[In Stock]] -> 0 | J44: Maintenance Section | K44: Normal Spares | L44: ABB | M44: Clamp | N44: FSFCM/ FSRCM | O44: =IF(LEN(COUNTIFS($J$1:J44,$J44,$K$1:K44,$K44,$L$1:L44,$L44,$M$1:M44,M44,$N$1:N44,N44))=1,"00"&COUNTIFS($J$1:J44,$J44,$K$1:K44,$K44,$L$1:L44,$L44,$M$1:M44,M44,$N$1:N44,N44),IF(LEN(COUNTIFS($J$1:J44,$J44,$K$1:K44,$K44,$L$1:L44,$L44,$M$1:M44,M44,$N$1:N44,N44))=2,"0"&COUNTIFS($J$1:J44,$J44,$K$1:K44,$K44,$L$1:L44,$L44,$M$1:M44,M44,$N$1:N44,N44),COUNTIFS($J$1:J44,$J44,$K$1:K44,$K44,$L$1:L44,$L44,$M$1:M44,M44,$N$1:N44,N44))) -> 003 | P44: =VLOOKUP(Table43[[#This Row],[Department]],'Mapping code'!A:B,2,0)&"-"&VLOOKUP(Table43[[#This Row],[Category]],'Mapping code'!E:F,2,0)&"-"&VLOOKUP(Table43[[#This Row],[Machine]],'Mapping code'!I:J,2,0)&"-"&VLOOKUP(Table43[[#This Row],[Product Nature]],'Mapping code'!N:O,2,0)&"-"&VLOOKUP(Table43[[#This Row],[Category2]],'Mapping code'!Q:R,2,0)&Table43[[#This Row],[Seq]]&IF(Table43[[#This Row],[New Inventory]]="Yes","-INV","") -> MS-NS-004-08-01003-INV | R44: MP-NS-004-00-00021 | S44: PAPRB-68 Protector; NW 68; Black - Dresspack | T44: =+IFERROR(_xlfn.XLOOKUP(Table43[[#This Row],[Column1]],#REF!,#REF!),0) -> 0 | U44: =IFERROR(_xlfn.XLOOKUP(Table43[[#This Row],[Column1]],#REF!,#REF!),0) -> 0
A45: ABB-0044 | B45: Festo SDE5-D10-C-Q6E-P-M8 542894 Pressure Switch | C45: Critical Spares-CS | D45: 429 | E45: Yes | F45: 1 | G45: 2 | H45: 1 | I45: =Table43[[#This Row],[Item Cost]]*Table43[[#This Row],[In Stock]] -> 429 | J45: Maintenance Section | K45: Critical Spares | L45: ABB | M45: Switch | N45: FSFCM/ FSRCM | O45: =IF(LEN(COUNTIFS($J$1:J45,$J45,$K$1:K45,$K45,$L$1:L45,$L45,$M$1:M45,M45,$N$1:N45,N45))=1,"00"&COUNTIFS($J$1:J45,$J45,$K$1:K45,$K45,$L$1:L45,$L45,$M$1:M45,M45,$N$1:N45,N45),IF(LEN(COUNTIFS($J$1:J45,$J45,$K$1:K45,$K45,$L$1:L45,$L45,$M$1:M45,M45,$N$1:N45,N45))=2,"0"&COUNTIFS($J$1:J45,$J45,$K$1:K45,$K45,$L$1:L45,$L45,$M$1:M45,M45,$N$1:N45,N45),COUNTIFS($J$1:J45,$J45,$K$1:K45,$K45,$L$1:L45,$L45,$M$1:M45,M45,$N$1:N45,N45))) -> 001 | P45: =VLOOKUP(Table43[[#This Row],[Department]],'Mapping code'!A:B,2,0)&"-"&VLOOKUP(Table43[[#This Row],[Category]],'Mapping code'!E:F,2,0)&"-"&VLOOKUP(Table43[[#This Row],[Machine]],'Mapping code'!I:J,2,0)&"-"&VLOOKUP(Table43[[#This Row],[Product Nature]],'Mapping code'!N:O,2,0)&"-"&VLOOKUP(Table43[[#This Row],[Category2]],'Mapping code'!Q:R,2,0)&Table43[[#This Row],[Seq]]&IF(Table43[[#This Row],[New Inventory]]="Yes","-INV","") -> MS-CS-004-09-01001-INV | Q45: ABB C | R45: MP-CS-004-00-00023 | S45: Festo SDE5-D10-C-Q6E-P-M8 542894 Pressure Switch | T45: =+IFERROR(_xlfn.XLOOKUP(Table43[[#This Row],[Column1]],#REF!,#REF!),0) -> 0 | U45: =IFERROR(_xlfn.XLOOKUP(Table43[[#This Row],[Column1]],#REF!,#REF!),0) -> 0
A46: ABB-0045 | B46: Festo NEBU-M8W3-K-5-LE3 541341 Cable | C46: Critical Spares-CS | D46: 68.125 | E46: Yes | F46: 1 | G46: 2 | H46: 2 | I46: =Table43[[#This Row],[Item Cost]]*Table43[[#This Row],[In Stock]] -> 136.25 | J46: Maintenance Section | K46: Critical Spares | L46: ABB | M46: Cable | N46: FSFCM/ FSRCM | O46: =IF(LEN(COUNTIFS($J$1:J46,$J46,$K$1:K46,$K46,$L$1:L46,$L46,$M$1:M46,M46,$N$1:N46,N46))=1,"00"&COUNTIFS($J$1:J46,$J46,$K$1:K46,$K46,$L$1:L46,$L46,$M$1:M46,M46,$N$1:N46,N46),IF(LEN(COUNTIFS($J$1:J46,$J46,$K$1:K46,$K46,$L$1:L46,$L46,$M$1:M46,M46,$N$1:N46,N46))=2,"0"&COUNTIFS($J$1:J46,$J46,$K$1:K46,$K46,$L$1:L46,$L46,$M$1:M46,M46,$N$1:N46,N46),COUNTIFS($J$1:J46,$J46,$K$1:K46,$K46,$L$1:L46,$L46,$M$1:M46,M46,$N$1:N46,N46))) -> 007 | P46: =VLOOKUP(Table43[[#This Row],[Department]],'Mapping code'!A:B,2,0)&"-"&VLOOKUP(Table43[[#This Row],[Category]],'Mapping code'!E:F,2,0)&"-"&VLOOKUP(Table43[[#This Row],[Machine]],'Mapping code'!I:J,2,0)&"-"&VLOOKUP(Table43[[#This Row],[Product Nature]],'Mapping code'!N:O,2,0)&"-"&VLOOKUP(Table43[[#This Row],[Category2]],'Mapping code'!Q:R,2,0)&Table43[[#This Row],[Seq]]&IF(Table43[[#This Row],[New Inventory]]="Yes","-INV","") -> MS-CS-004-13-01007-INV | Q46: ABB-A | R46: MP-CS-004-00-00024 | S46: Festo NEBU-M8W3-K-5-LE3 541341 Cable | T46: =+IFERROR(_xlfn.XLOOKUP(Table43[[#This Row],[Column1]],#REF!,#REF!),0) -> 0 | U46: =IFERROR(_xlfn.XLOOKUP(Table43[[#This Row],[Column1]],#REF!,#REF!),0) -> 0
A47: ABB-0046 | B47: ADNGF-40-20-P-A FESTO Compact Cylinder | C47: Normal Spares-NS | D47: 0 | E47: Yes | F47: 1 | G47: 5 | H47: 0 | I47: =Table43[[#This Row],[Item Cost]]*Table43[[#This Row],[In Stock]] -> 0 | J47: Maintenance Section | K47: Normal Spares | L47: ABB | M47: Cylinder | N47: FSFCM/ FSRCM | O47: =IF(LEN(COUNTIFS($J$1:J47,$J47,$K$1:K47,$K47,$L$1:L47,$L47,$M$1:M47,M47,$N$1:N47,N47))=1,"00"&COUNTIFS($J$1:J47,$J47,$K$1:K47,$K47,$L$1:L47,$L47,$M$1:M47,M47,$N$1:N47,N47),IF(LEN(COUNTIFS($J$1:J47,$J47,$K$1:K47,$K47,$L$1:L47,$L47,$M$1:M47,M47,$N$1:N47,N47))=2,"0"&COUNTIFS($J$1:J47,$J47,$K$1:K47,$K47,$L$1:L47,$L47,$M$1:M47,M47,$N$1:N47,N47),COUNTIFS($J$1:J47,$J47,$K$1:K47,$K47,$L$1:L47,$L47,$M$1:M47,M47,$N$1:N47,N47))) -> 001 | P47: =VLOOKUP(Table43[[#This Row],[Department]],'Mapping code'!A:B,2,0)&"-"&VLOOKUP(Table43[[#This Row],[Category]],'Mapping code'!E:F,2,0)&"-"&VLOOKUP(Table43[[#This Row],[Machine]],'Mapping code'!I:J,2,0)&"-"&VLOOKUP(Table43[[#This Row],[Product Nature]],'Mapping code'!N:O,2,0)&"-"&VLOOKUP(Table43[[#This Row],[Category2]],'Mapping code'!Q:R,2,0)&Table43[[#This Row],[Seq]]&IF(Table43[[#This Row],[New Inventory]]="Yes","-INV","") -> MS-NS-004-04-01001-INV | Q47: ABB A | R47: MP-NS-004-00-00022 | S47: ADNGF-40-20-P-A FESTO Compact Cylinder | T47: =+IFERROR(_xlfn.XLOOKUP(Table43[[#This Row],[Column1]],#REF!,#REF!),0) -> 0 | U47: =IFERROR(_xlfn.XLOOKUP(Table43[[#This Row],[Column1]],#REF!,#REF!),0) -> 0
A48: ABB-0047 | B48: AMF 554790 Seat Valve | C48: Critical Spares-CS | D48: 4041.36 | E48: Yes | F48: 1 | G48: 2 | H48: 2 | I48: =Table43[[#This Row],[Item Cost]]*Table43[[#This Row],[In Stock]] -> 8082.72 | J48: Maintenance Section | K48: Critical Spares | L48: ABB | M48: Hydraulic components | N48: FSFCM/ FSRCM | O48: =IF(LEN(COUNTIFS($J$1:J48,$J48,$K$1:K48,$K48,$L$1:L48,$L48,$M$1:M48,M48,$N$1:N48,N48))=1,"00"&COUNTIFS($J$1:J48,$J48,$K$1:K48,$K48,$L$1:L48,$L48,$M$1:M48,M48,$N$1:N48,N48),IF(LEN(COUNTIFS($J$1:J48,$J48,$K$1:K48,$K48,$L$1:L48,$L48,$M$1:M48,M48,$N$1:N48,N48))=2,"0"&COUNTIFS($J$1:J48,$J48,$K$1:K48,$K48,$L$1:L48,$L48,$M$1:M48,M48,$N$1:N48,N48),COUNTIFS($J$1:J48,$J48,$K$1:K48,$K48,$L$1:L48,$L48,$M$1:M48,M48,$N$1:N48,N48))) -> 001 | P48: =VLOOKUP(Table43[[#This Row],[Department]],'Mapping code'!A:B,2,0)&"-"&VLOOKUP(Table43[[#This Row],[Category]],'Mapping code'!E:F,2,0)&"-"&VLOOKUP(Table43[[#This Row],[Machine]],'Mapping code'!I:J,2,0)&"-"&VLOOKUP(Table43[[#This Row],[Product Nature]],'Mapping code'!N:O,2,0)&"-"&VLOOKUP(Table43[[#This Row],[Category2]],'Mapping code'!Q:R,2,0)&Table43[[#This Row],[Seq]]&IF(Table43[[#This Row],[New Inventory]]="Yes","-INV","") -> MS-CS-004-18-01001-INV | Q48: ABB B | R48: MP-CS-004-00-00025 | S48: AMF 554790 Seat Valve | T48: =+IFERROR(_xlfn.XLOOKUP(Table43[[#This Row],[Column1]],#REF!,#REF!),0) -> 0 | U48: =IFERROR(_xlfn.XLOOKUP(Table43[[#This Row],[Column1]],#REF!,#REF!),0) -> 0
A49: ABB-0048 | B49: Blades holder ( TOOLS): 2J1P050R00 3027508 | C49: Critical Spares-CS | D49: 1673 | E49: Yes | F49: 1 | G49: 2 | H49: 0 | I49: =Table43[[#This Row],[Item Cost]]*Table43[[#This Row],[In Stock]] -> 0 | J49: Maintenance Section | K49: Critical Spares | L49: ABB | M49: Spindle | N49: FSFCM/ FSRCM | O49: =IF(LEN(COUNTIFS($J$1:J49,$J49,$K$1:K49,$K49,$L$1:L49,$L49,$M$1:M49,M49,$N$1:N49,N49))=1,"00"&COUNTIFS($J$1:J49,$J49,$K$1:K49,$K49,$L$1:L49,$L49,$M$1:M49,M49,$N$1:N49,N49),IF(LEN(COUNTIFS($J$1:J49,$J49,$K$1:K49,$K49,$L$1:L49,$L49,$M$1:M49,M49,$N$1:N49,N49))=2,"0"&COUNTIFS($J$1:J49,$J49,$K$1:K49,$K49,$L$1:L49,$L49,$M$1:M49,M49,$N$1:N49,N49),COUNTIFS($J$1:J49,$J49,$K$1:K49,$K49,$L$1:L49,$L49,$M$1:M49,M49,$N$1:N49,N49))) -> 002 | P49: =VLOOKUP(Table43[[#This Row],[Department]],'Mapping code'!A:B,2,0)&"-"&VLOOKUP(Table43[[#This Row],[Category]],'Mapping code'!E:F,2,0)&"-"&VLOOKUP(Table43[[#This Row],[Machine]],'Mapping code'!I:J,2,0)&"-"&VLOOKUP(Table43[[#This Row],[Product Nature]],'Mapping code'!N:O,2,0)&"-"&VLOOKUP(Table43[[#This Row],[Category2]],'Mapping code'!Q:R,2,0)&Table43[[#This Row],[Seq]]&IF(Table43[[#This Row],[New Inventory]]="Yes","-INV","") -> MS-CS-004-02-01002-INV | R49: MP-CS-004-00-00026 | S49: Blades holder ( TOOLS): 2J1P050R00 3027508 | T49: =+IFERROR(_xlfn.XLOOKUP(Table43[[#This Row],[Column1]],#REF!,#REF!),0) -> 0 | U49: =IFERROR(_xlfn.XLOOKUP(Table43[[#This Row],[Column1]],#REF!,#REF!),0) -> 0
A50: ABB-0049 | B50: Hydraulic Pressure Switch | C50: Normal Spares-NS | D50: 1850 | E50: Yes | F50: 1 | G50: 5 | H50: 0 | I50: =Table43[[#This Row],[Item Cost]]*Table43[[#This Row],[In Stock]] -> 0 | J50: Maintenance Section | K50: Normal Spares | L50: ABB | M50: Switch | N50: FSFCM/ FSRCM | O50: =IF(LEN(COUNTIFS($J$1:J50,$J50,$K$1:K50,$K50,$L$1:L50,$L50,$M$1:M50,M50,$N$1:N50,N50))=1,"00"&COUNTIFS($J$1:J50,$J50,$K$1:K50,$K50,$L$1:L50,$L50,$M$1:M50,M50,$N$1:N50,N50),IF(LEN(COUNTIFS($J$1:J50,$J50,$K$1:K50,$K50,$L$1:L50,$L50,$M$1:M50,M50,$N$1:N50,N50))=2,"0"&COUNTIFS($J$1:J50,$J50,$K$1:K50,$K50,$L$1:L50,$L50,$M$1:M50,M50,$N$1:N50,N50),COUNTIFS($J$1:J50,$J50,$K$1:K50,$K50,$L$1:L50,$L50,$M$1:M50,M50,$N$1:N50,N50))) -> 001 | P50: =VLOOKUP(Table43[[#This Row],[Department]],'Mapping code'!A:B,2,0)&"-"&VLOOKUP(Table43[[#This Row],[Category]],'Mapping code'!E:F,2,0)&"-"&VLOOKUP(Table43[[#This Row],[Machine]],'Mapping code'!I:J,2,0)&"-"&VLOOKUP(Table43[[#This Row],[Product Nature]],'Mapping code'!N:O,2,0)&"-"&VLOOKUP(Table43[[#This Row],[Category2]],'Mapping code'!Q:R,2,0)&Table43[[#This Row],[Seq]]&IF(Table43[[#This Row],[New Inventory]]="Yes","-INV","") -> MS-NS-004-09-01001-INV | R50: MP-NS-004-00-00023 | S50: Hydraulic Pressure Switch | T50: =+IFERROR(_xlfn.XLOOKUP(Table43[[#This Row],[Column1]],#REF!,#REF!),0) -> 0 | U50: =IFERROR(_xlfn.XLOOKUP(Table43[[#This Row],[Column1]],#REF!,#REF!),0) -> 0
A51: ABB-0050 | B51: Spindle Chiller Cooling Unit | C51: Normal Spares-NS | D51: 0 | E51: Yes | F51: 1 | G51: 3 | H51: 0 | I51: =Table43[[#This Row],[Item Cost]]*Table43[[#This Row],[In Stock]] -> 0 | J51: Maintenance Section | K51: Normal Spares | L51: ABB | M51: Spindle | N51: FSFCM/ FSRCM | O51: =IF(LEN(COUNTIFS($J$1:J51,$J51,$K$1:K51,$K51,$L$1:L51,$L51,$M$1:M51,M51,$N$1:N51,N51))=1,"00"&COUNTIFS($J$1:J51,$J51,$K$1:K51,$K51,$L$1:L51,$L51,$M$1:M51,M51,$N$1:N51,N51),IF(LEN(COUNTIFS($J$1:J51,$J51,$K$1:K51,$K51,$L$1:L51,$L51,$M$1:M51,M51,$N$1:N51,N51))=2,"0"&COUNTIFS($J$1:J51,$J51,$K$1:K51,$K51,$L$1:L51,$L51,$M$1:M51,M51,$N$1:N51,N51),COUNTIFS($J$1:J51,$J51,$K$1:K51,$K51,$L$1:L51,$L51,$M$1:M51,M51,$N$1:N51,N51))) -> 001 | P51: =VLOOKUP(Table43[[#This Row],[Department]],'Mapping code'!A:B,2,0)&"-"&VLOOKUP(Table43[[#This Row],[Category]],'Mapping code'!E:F,2,0)&"-"&VLOOKUP(Table43[[#This Row],[Machine]],'Mapping code'!I:J,2,0)&"-"&VLOOKUP(Table43[[#This Row],[Product Nature]],'Mapping code'!N:O,2,0)&"-"&VLOOKUP(Table43[[#This Row],[Category2]],'Mapping code'!Q:R,2,0)&Table43[[#This Row],[Seq]]&IF(Table43[[#This Row],[New Inventory]]="Yes","-INV","") -> MS-NS-004-02-01001-INV | Q51: ABB D / FSM D | R51: MP-NS-004-00-00024 | S51: Spindle Chiller Cooling Unit | T51: =+IFERROR(_xlfn.XLOOKUP(Table43[[#This Row],[Column1]],#REF!,#REF!),0) -> 0 | U51: =IFERROR(_xlfn.XLOOKUP(Table43[[#This Row],[Column1]],#REF!,#REF!),0) -> 0
A52: ABB-0051 | B52: Omron E2E-X8B1TL18-M1 | C52: Normal Spares-NS | D52: 149 | E52: Yes | F52: 1 | G52: 10 | H52: 10 | I52: =Table43[[#This Row],[Item Cost]]*Table43[[#This Row],[In Stock]] -> 1490 | J52: Maintenance Section | K52: Normal Spares | L52: ABB | M52: Electrical components | N52: FSFCM/ FSRCM | O52: =IF(LEN(COUNTIFS($J$1:J52,$J52,$K$1:K52,$K52,$L$1:L52,$L52,$M$1:M52,M52,$N$1:N52,N52))=1,"00"&COUNTIFS($J$1:J52,$J52,$K$1:K52,$K52,$L$1:L52,$L52,$M$1:M52,M52,$N$1:N52,N52),IF(LEN(COUNTIFS($J$1:J52,$J52,$K$1:K52,$K52,$L$1:L52,$L52,$M$1:M52,M52,$N$1:N52,N52))=2,"0"&COUNTIFS($J$1:J52,$J52,$K$1:K52,$K52,$L$1:L52,$L52,$M$1:M52,M52,$N$1:N52,N52),COUNTIFS($J$1:J52,$J52,$K$1:K52,$K52,$L$1:L52,$L52,$M$1:M52,M52,$N$1:N52,N52))) -> 001 | P52: =VLOOKUP(Table43[[#This Row],[Department]],'Mapping code'!A:B,2,0)&"-"&VLOOKUP(Table43[[#This Row],[Category]],'Mapping code'!E:F,2,0)&"-"&VLOOKUP(Table43[[#This Row],[Machine]],'Mapping code'!I:J,2,0)&"-"&VLOOKUP(Table43[[#This Row],[Product Nature]],'Mapping code'!N:O,2,0)&"-"&VLOOKUP(Table43[[#This Row],[Category2]],'Mapping code'!Q:R,2,0)&Table43[[#This Row],[Seq]]&IF(Table43[[#This Row],[New Inventory]]="Yes","-INV","") -> MS-NS-004-23-01001-INV | Q52: FSM B | R52: MP-NS-004-00-00025 | S52: Omron E2E-X8B1TL18-M1 | T52: =+IFERROR(_xlfn.XLOOKUP(Table43[[#This Row],[Column1]],#REF!,#REF!),0) -> 0 | U52: =IFERROR(_xlfn.XLOOKUP(Table43[[#This Row],[Column1]],#REF!,#REF!),0) -> 0
A53: ABB-0052 | B53: Refurbished - Electrospindle | C53: Normal Spares-NS | D53: 10500 | E53: Yes | F53: 1 | G53: 2 | H53: 1 | I53: =Table43[[#This Row],[Item Cost]]*Table43[[#This Row],[In Stock]] -> 10500 | J53: Maintenance Section | K53: Normal Spares | L53: ABB | M53: Spindle | N53: FSFCM/ FSRCM | O53: =IF(LEN(COUNTIFS($J$1:J53,$J53,$K$1:K53,$K53,$L$1:L53,$L53,$M$1:M53,M53,$N$1:N53,N53))=1,"00"&COUNTIFS($J$1:J53,$J53,$K$1:K53,$K53,$L$1:L53,$L53,$M$1:M53,M53,$N$1:N53,N53),IF(LEN(COUNTIFS($J$1:J53,$J53,$K$1:K53,$K53,$L$1:L53,$L53,$M$1:M53,M53,$N$1:N53,N53))=2,"0"&COUNTIFS($J$1:J53,$J53,$K$1:K53,$K53,$L$1:L53,$L53,$M$1:M53,M53,$N$1:N53,N53),COUNTIFS($J$1:J53,$J53,$K$1:K53,$K53,$L$1:L53,$L53,$M$1:M53,M53,$N$1:N53,N53))) -> 002 | P53: =VLOOKUP(Table43[[#This Row],[Department]],'Mapping code'!A:B,2,0)&"-"&VLOOKUP(Table43[[#This Row],[Category]],'Mapping code'!E:F,2,0)&"-"&VLOOKUP(Table43[[#This Row],[Machine]],'Mapping code'!I:J,2,0)&"-"&VLOOKUP(Table43[[#This Row],[Product Nature]],'Mapping code'!N:O,2,0)&"-"&VLOOKUP(Table43[[#This Row],[Category2]],'Mapping code'!Q:R,2,0)&Table43[[#This Row],[Seq]]&IF(Table43[[#This Row],[New Inventory]]="Yes","-INV","") -> MS-NS-004-02-01002-INV | Q53: ABB B | R53: MP-NS-004-00-00026 | S53: Refurbished - Electrospindle | T53: =+IFERROR(_xlfn.XLOOKUP(Table43[[#This Row],[Column1]],#REF!,#REF!),0) -> 0 | U53: =IFERROR(_xlfn.XLOOKUP(Table43[[#This Row],[Column1]],#REF!,#REF!),0) -> 0
A54: ABBFX-001 | B54: BI2-EG08K-AP6X-V1131 Inductive sensor TURCK M8x1 | C54: Normal Spares-NS | D54: 82 | E54: Yes | F54: 1 | G54: 5 | H54: 4 | I54: =Table43[[#This Row],[Item Cost]]*Table43[[#This Row],[In Stock]] -> 328 | J54: Maintenance Section | K54: Normal Spares | L54: ABB | M54: Electrical components | N54: FSFCM/ FSRCM | O54: =IF(LEN(COUNTIFS($J$1:J54,$J54,$K$1:K54,$K54,$L$1:L54,$L54,$M$1:M54,M54,$N$1:N54,N54))=1,"00"&COUNTIFS($J$1:J54,$J54,$K$1:K54,$K54,$L$1:L54,$L54,$M$1:M54,M54,$N$1:N54,N54),IF(LEN(COUNTIFS($J$1:J54,$J54,$K$1:K54,$K54,$L$1:L54,$L54,$M$1:M54,M54,$N$1:N54,N54))=2,"0"&COUNTIFS($J$1:J54,$J54,$K$1:K54,$K54,$L$1:L54,$L54,$M$1:M54,M54,$N$1:N54,N54),COUNTIFS($J$1:J54,$J54,$K$1:K54,$K54,$L$1:L54,$L54,$M$1:M54,M54,$N$1:N54,N54))) -> 002 | P54: =VLOOKUP(Table43[[#This Row],[Department]],'Mapping code'!A:B,2,0)&"-"&VLOOKUP(Table43[[#This Row],[Category]],'Mapping code'!E:F,2,0)&"-"&VLOOKUP(Table43[[#This Row],[Machine]],'Mapping code'!I:J,2,0)&"-"&VLOOKUP(Table43[[#This Row],[Product Nature]],'Mapping code'!N:O,2,0)&"-"&VLOOKUP(Table43[[#This Row],[Category2]],'Mapping code'!Q:R,2,0)&Table43[[#This Row],[Seq]]&IF(Table43[[#This Row],[New Inventory]]="Yes","-INV","") -> MS-NS-004-23-01002-INV | Q54: ABB B | R54: MP-NS-004-00-00027 | S54: BI2-EG08K-AP6X-V1131 Inductive sensor TURCK M8x1 | T54: =+IFERROR(_xlfn.XLOOKUP(Table43[[#This Row],[Column1]],#REF!,#REF!),0) -> 0 | U54: =IFERROR(_xlfn.XLOOKUP(Table43[[#This Row],[Column1]],#REF!,#REF!),0) -> 0
A55: ABBFX-002 | B55: SWKP3-2 P00 TURCK M8x1 cable with LED | C55: Normal Spares-NS | D55: 64.5 | E55: Yes | F55: 1 | G55: 5 | H55: 4 | I55: =Table43[[#This Row],[Item Cost]]*Table43[[#This Row],[In Stock]] -> 258 | J55: Maintenance Section | K55: Normal Spares | L55: ABB | M55: Cable | N55: FSFCM/ FSRCM | O55: =IF(LEN(COUNTIFS($J$1:J55,$J55,$K$1:K55,$K55,$L$1:L55,$L55,$M$1:M55,M55,$N$1:N55,N55))=1,"00"&COUNTIFS($J$1:J55,$J55,$K$1:K55,$K55,$L$1:L55,$L55,$M$1:M55,M55,$N$1:N55,N55),IF(LEN(COUNTIFS($J$1:J55,$J55,$K$1:K55,$K55,$L$1:L55,$L55,$M$1:M55,M55,$N$1:N55,N55))=2,"0"&COUNTIFS($J$1:J55,$J55,$K$1:K55,$K55,$L$1:L55,$L55,$M$1:M55,M55,$N$1:N55,N55),COUNTIFS($J$1:J55,$J55,$K$1:K55,$K55,$L$1:L55,$L55,$M$1:M55,M55,$N$1:N55,N55))) -> 002 | P55: =VLOOKUP(Table43[[#This Row],[Department]],'Mapping code'!A:B,2,0)&"-"&VLOOKUP(Table43[[#This Row],[Category]],'Mapping code'!E:F,2,0)&"-"&VLOOKUP(Table43[[#This Row],[Machine]],'Mapping code'!I:J,2,0)&"-"&VLOOKUP(Table43[[#This Row],[Product Nature]],'Mapping code'!N:O,2,0)&"-"&VLOOKUP(Table43[[#This Row],[Category2]],'Mapping code'!Q:R,2,0)&Table43[[#This Row],[Seq]]&IF(Table43[[#This Row],[New Inventory]]="Yes","-INV","") -> MS-NS-004-13-01002-INV | Q55: ABB B | R55: MP-NS-004-00-00028 | S55: SWKP3-2 P00 TURCK M8x1 cable with LED | T55: =+IFERROR(_xlfn.XLOOKUP(Table43[[#This Row],[Column1]],#REF!,#REF!),0) -> 0 | U55: =IFERROR(_xlfn.XLOOKUP(Table43[[#This Row],[Column1]],#REF!,#REF!),0) -> 0
A56: ABBFX-003 | B56: TBEN-S2-8DXP Hub | C56: Normal Spares-NS | D56: 1077 | E56: Yes | F56: 1 | G56: 2 | H56: 1 | I56: =Table43[[#This Row],[Item Cost]]*Table43[[#This Row],[In Stock]] -> 1077 | J56: Maintenance Section | K56: Normal Spares | L56: ABB | M56: Electrical components | N56: FSFCM/ FSRCM | O56: =IF(LEN(COUNTIFS($J$1:J56,$J56,$K$1:K56,$K56,$L$1:L56,$L56,$M$1:M56,M56,$N$1:N56,N56))=1,"00"&COUNTIFS($J$1:J56,$J56,$K$1:K56,$K56,$L$1:L56,$L56,$M$1:M56,M56,$N$1:N56,N56),IF(LEN(COUNTIFS($J$1:J56,$J56,$K$1:K56,$K56,$L$1:L56,$L56,$M$1:M56,M56,$N$1:N56,N56))=2,"0"&COUNTIFS($J$1:J56,$J56,$K$1:K56,$K56,$L$1:L56,$L56,$M$1:M56,M56,$N$1:N56,N56),COUNTIFS($J$1:J56,$J56,$K$1:K56,$K56,$L$1:L56,$L56,$M$1:M56,M56,$N$1:N56,N56))) -> 003 | P56: =VLOOKUP(Table43[[#This Row],[Department]],'Mapping code'!A:B,2,0)&"-"&VLOOKUP(Table43[[#This Row],[Category]],'Mapping code'!E:F,2,0)&"-"&VLOOKUP(Table43[[#This Row],[Machine]],'Mapping code'!I:J,2,0)&"-"&VLOOKUP(Table43[[#This Row],[Product Nature]],'Mapping code'!N:O,2,0)&"-"&VLOOKUP(Table43[[#This Row],[Category2]],'Mapping code'!Q:R,2,0)&Table43[[#This Row],[Seq]]&IF(Table43[[#This Row],[New Inventory]]="Yes","-INV","") -> MS-NS-004-23-01003-INV | Q56: ABB B | R56: MP-NS-004-00-00029 | S56: TBEN-S2-8DXP Hub | T56: =+IFERROR(_xlfn.XLOOKUP(Table43[[#This Row],[Column1]],#REF!,#REF!),0) -> 0 | U56: =IFERROR(_xlfn.XLOOKUP(Table43[[#This Row],[Column1]],#REF!,#REF!),0) -> 0
A57: ABBFX-004 | B57: BI4-M12-AP6X-H1141 Inductive TURCK sensor M12x1 | C57: Normal Spares-NS | D57: 55 | E57: Yes | F57: 1 | G57: 2 | H57: 1 | I57: =Table43[[#This Row],[Item Cost]]*Table43[[#This Row],[In Stock]] -> 55 | J57: Maintenance Section | K57: Normal Spares | L57: ABB | M57: Electrical components | N57: FSFCM/ FSRCM | O57: =IF(LEN(COUNTIFS($J$1:J57,$J57,$K$1:K57,$K57,$L$1:L57,$L57,$M$1:M57,M57,$N$1:N57,N57))=1,"00"&COUNTIFS($J$1:J57,$J57,$K$1:K57,$K57,$L$1:L57,$L57,$M$1:M57,M57,$N$1:N57,N57),IF(LEN(COUNTIFS($J$1:J57,$J57,$K$1:K57,$K57,$L$1:L57,$L57,$M$1:M57,M57,$N$1:N57,N57))=2,"0"&COUNTIFS($J$1:J57,$J57,$K$1:K57,$K57,$L$1:L57,$L57,$M$1:M57,M57,$N$1:N57,N57),COUNTIFS($J$1:J57,$J57,$K$1:K57,$K57,$L$1:L57,$L57,$M$1:M57,M57,$N$1:N57,N57))) -> 004 | P57: =VLOOKUP(Table43[[#This Row],[Department]],'Mapping code'!A:B,2,0)&"-"&VLOOKUP(Table43[[#This Row],[Category]],'Mapping code'!E:F,2,0)&"-"&VLOOKUP(Table43[[#This Row],[Machine]],'Mapping code'!I:J,2,0)&"-"&VLOOKUP(Table43[[#This Row],[Product Nature]],'Mapping code'!N:O,2,0)&"-"&VLOOKUP(Table43[[#This Row],[Category2]],'Mapping code'!Q:R,2,0)&Table43[[#This Row],[Seq]]&IF(Table43[[#This Row],[New Inventory]]="Yes","-INV","") -> MS-NS-004-23-01004-INV | Q57: ABB D | R57: MP-NS-004-00-00030 | S57: BI4-M12-AP6X-H1141 Inductive TURCK sensor M12x1 | T57: =+IFERROR(_xlfn.XLOOKUP(Table43[[#This Row],[Column1]],#REF!,#REF!),0) -> 0 | U57: =IFERROR(_xlfn.XLOOKUP(Table43[[#This Row],[Column1]],#REF!,#REF!),0) -> 0
A58: ABBFX-005 | B58: 6814076 TURCK TBEN-S2-8DXP 2A | C58: Normal Spares-NS | D58: 1077 | E58: Yes | F58: 1 | G58: 2 | H58: 1 | I58: =Table43[[#This Row],[Item Cost]]*Table43[[#This Row],[In Stock]] -> 1077 | J58: Maintenance Section | K58: Normal Spares | L58: ABB | M58: Electrical components | N58: FSFCM/ FSRCM | O58: =IF(LEN(COUNTIFS($J$1:J58,$J58,$K$1:K58,$K58,$L$1:L58,$L58,$M$1:M58,M58,$N$1:N58,N58))=1,"00"&COUNTIFS($J$1:J58,$J58,$K$1:K58,$K58,$L$1:L58,$L58,$M$1:M58,M58,$N$1:N58,N58),IF(LEN(COUNTIFS($J$1:J58,$J58,$K$1:K58,$K58,$L$1:L58,$L58,$M$1:M58,M58,$N$1:N58,N58))=2,"0"&COUNTIFS($J$1:J58,$J58,$K$1:K58,$K58,$L$1:L58,$L58,$M$1:M58,M58,$N$1:N58,N58),COUNTIFS($J$1:J58,$J58,$K$1:K58,$K58,$L$1:L58,$L58,$M$1:M58,M58,$N$1:N58,N58))) -> 005 | P58: =VLOOKUP(Table43[[#This Row],[Department]],'Mapping code'!A:B,2,0)&"-"&VLOOKUP(Table43[[#This Row],[Category]],'Mapping code'!E:F,2,0)&"-"&VLOOKUP(Table43[[#This Row],[Machine]],'Mapping code'!I:J,2,0)&"-"&VLOOKUP(Table43[[#This Row],[Product Nature]],'Mapping code'!N:O,2,0)&"-"&VLOOKUP(Table43[[#This Row],[Category2]],'Mapping code'!Q:R,2,0)&Table43[[#This Row],[Seq]]&IF(Table43[[#This Row],[New Inventory]]="Yes","-INV","") -> MS-NS-004-23-01005-INV | R58: MP-NS-004-00-00031 | S58: 6814076 TURCK TBEN-S2-8DXP 2A | T58: =+IFERROR(_xlfn.XLOOKUP(Table43[[#This Row],[Column1]],#REF!,#REF!),0) -> 0 | U58: =IFERROR(_xlfn.XLOOKUP(Table43[[#This Row],[Column1]],#REF!,#REF!),0) -> 0
A59: ABBFX-006 | B59: 0471153 SPC 40 Positioning pin SCHUNK | C59: Normal Spares-NS | D59: 0 | E59: Yes | F59: 1 | G59: 2 | H59: 0 | I59: =Table43[[#This Row],[Item Cost]]*Table43[[#This Row],[In Stock]] -> 0 | J59: Maintenance Section | K59: Normal Spares | L59: ABB | M59: Fixtures blocks | N59: FSFCM/ FSRCM | O59: =IF(LEN(COUNTIFS($J$1:J59,$J59,$K$1:K59,$K59,$L$1:L59,$L59,$M$1:M59,M59,$N$1:N59,N59))=1,"00"&COUNTIFS($J$1:J59,$J59,$K$1:K59,$K59,$L$1:L59,$L59,$M$1:M59,M59,$N$1:N59,N59),IF(LEN(COUNTIFS($J$1:J59,$J59,$K$1:K59,$K59,$L$1:L59,$L59,$M$1:M59,M59,$N$1:N59,N59))=2,"0"&COUNTIFS($J$1:J59,$J59,$K$1:K59,$K59,$L$1:L59,$L59,$M$1:M59,M59,$N$1:N59,N59),COUNTIFS($J$1:J59,$J59,$K$1:K59,$K59,$L$1:L59,$L59,$M$1:M59,M59,$N$1:N59,N59))) -> 001 | P59: =VLOOKUP(Table43[[#This Row],[Department]],'Mapping code'!A:B,2,0)&"-"&VLOOKUP(Table43[[#This Row],[Category]],'Mapping code'!E:F,2,0)&"-"&VLOOKUP(Table43[[#This Row],[Machine]],'Mapping code'!I:J,2,0)&"-"&VLOOKUP(Table43[[#This Row],[Product Nature]],'Mapping code'!N:O,2,0)&"-"&VLOOKUP(Table43[[#This Row],[Category2]],'Mapping code'!Q:R,2,0)&Table43[[#This Row],[Seq]]&IF(Table43[[#This Row],[New Inventory]]="Yes","-INV","") -> MS-NS-004-29-01001-INV | Q59: ABB B | R59: MP-NS-004-00-00032 | S59: 0471153 SPC 40 Positioning pin SCHUNK | T59: =+IFERROR(_xlfn.XLOOKUP(Table43[[#This Row],[Column1]],#REF!,#REF!),0) -> 0 | U59: =IFERROR(_xlfn.XLOOKUP(Table43[[#This Row],[Column1]],#REF!,#REF!),0) -> 0
A60: ABBFX-007 | B60: 471153 SPC 40RF Fastening pin | C60: Normal Spares-NS | D60: 238.715 | E60: Yes | F60: 1 | G60: 2 | H60: 2 | I60: =Table43[[#This Row],[Item Cost]]*Table43[[#This Row],[In Stock]] -> 477.43 | J60: Maintenance Section | K60: Normal Spares | L60: ABB | M60: Fixtures blocks | N60: FSFCM/ FSRCM | O60: =IF(LEN(COUNTIFS($J$1:J60,$J60,$K$1:K60,$K60,$L$1:L60,$L60,$M$1:M60,M60,$N$1:N60,N60))=1,"00"&COUNTIFS($J$1:J60,$J60,$K$1:K60,$K60,$L$1:L60,$L60,$M$1:M60,M60,$N$1:N60,N60),IF(LEN(COUNTIFS($J$1:J60,$J60,$K$1:K60,$K60,$L$1:L60,$L60,$M$1:M60,M60,$N$1:N60,N60))=2,"0"&COUNTIFS($J$1:J60,$J60,$K$1:K60,$K60,$L$1:L60,$L60,$M$1:M60,M60,$N$1:N60,N60),COUNTIFS($J$1:J60,$J60,$K$1:K60,$K60,$L$1:L60,$L60,$M$1:M60,M60,$N$1:N60,N60))) -> 002 | P60: =VLOOKUP(Table43[[#This Row],[Department]],'Mapping code'!A:B,2,0)&"-"&VLOOKUP(Table43[[#This Row],[Category]],'Mapping code'!E:F,2,0)&"-"&VLOOKUP(Table43[[#This Row],[Machine]],'Mapping code'!I:J,2,0)&"-"&VLOOKUP(Table43[[#This Row],[Product Nature]],'Mapping code'!N:O,2,0)&"-"&VLOOKUP(Table43[[#This Row],[Category2]],'Mapping code'!Q:R,2,0)&Table43[[#This Row],[Seq]]&IF(Table43[[#This Row],[New Inventory]]="Yes","-INV","") -> MS-NS-004-29-01002-INV | R60: MP-NS-004-00-00033 | S60: 471153 SPC 40RF Fastening pin | T60: =+IFERROR(_xlfn.XLOOKUP(Table43[[#This Row],[Column1]],#REF!,#REF!),0) -> 0 | U60: =IFERROR(_xlfn.XLOOKUP(Table43[[#This Row],[Column1]],#REF!,#REF!),0) -> 0
A61: ABBFX-008 | B61: 471152 SPB 40RF Alignment pin | C61: Normal Spares-NS | D61: 326.855 | E61: Yes | F61: 1 | G61: 2 | H61: 2 | I61: =Table43[[#This Row],[Item Cost]]*Table43[[#This Row],[In Stock]] -> 653.71 | J61: Maintenance Section | K61: Normal Spares | L61: ABB | M61: Fixtures blocks | N61: FSFCM/ FSRCM | O61: =IF(LEN(COUNTIFS($J$1:J61,$J61,$K$1:K61,$K61,$L$1:L61,$L61,$M$1:M61,M61,$N$1:N61,N61))=1,"00"&COUNTIFS($J$1:J61,$J61,$K$1:K61,$K61,$L$1:L61,$L61,$M$1:M61,M61,$N$1:N61,N61),IF(LEN(COUNTIFS($J$1:J61,$J61,$K$1:K61,$K61,$L$1:L61,$L61,$M$1:M61,M61,$N$1:N61,N61))=2,"0"&COUNTIFS($J$1:J61,$J61,$K$1:K61,$K61,$L$1:L61,$L61,$M$1:M61,M61,$N$1:N61,N61),COUNTIFS($J$1:J61,$J61,$K$1:K61,$K61,$L$1:L61,$L61,$M$1:M61,M61,$N$1:N61,N61))) -> 003 | P61: =VLOOKUP(Table43[[#This Row],[Department]],'Mapping code'!A:B,2,0)&"-"&VLOOKUP(Table43[[#This Row],[Category]],'Mapping code'!E:F,2,0)&"-"&VLOOKUP(Table43[[#This Row],[Machine]],'Mapping code'!I:J,2,0)&"-"&VLOOKUP(Table43[[#This Row],[Product Nature]],'Mapping code'!N:O,2,0)&"-"&VLOOKUP(Table43[[#This Row],[Category2]],'Mapping code'!Q:R,2,0)&Table43[[#This Row],[Seq]]&IF(Table43[[#This Row],[New Inventory]]="Yes","-INV","") -> MS-NS-004-29-01003-INV | R61: MP-NS-004-00-00034 | S61: 471152 SPB 40RF Alignment pin | T61: =+IFERROR(_xlfn.XLOOKUP(Table43[[#This Row],[Column1]],#REF!,#REF!),0) -> 0 | U61: =IFERROR(_xlfn.XLOOKUP(Table43[[#This Row],[Column1]],#REF!,#REF!),0) -> 0
A62: ABBFX-009 | B62: 0471151 SPA 40 Positioning pin SCHUNK | C62: Normal Spares-NS | D62: 275.44 | E62: Yes | F62: 1 | G62: 2 | H62: 2 | I62: =Table43[[#This Row],[Item Cost]]*Table43[[#This Row],[In Stock]] -> 550.88 | J62: Maintenance Section | K62: Normal Spares | L62: ABB | M62: Fixtures blocks | N62: FSFCM/ FSRCM | O62: =IF(LEN(COUNTIFS($J$1:J62,$J62,$K$1:K62,$K62,$L$1:L62,$L62,$M$1:M62,M62,$N$1:N62,N62))=1,"00"&COUNTIFS($J$1:J62,$J62,$K$1:K62,$K62,$L$1:L62,$L62,$M$1:M62,M62,$N$1:N62,N62),IF(LEN(COUNTIFS($J$1:J62,$J62,$K$1:K62,$K62,$L$1:L62,$L62,$M$1:M62,M62,$N$1:N62,N62))=2,"0"&COUNTIFS($J$1:J62,$J62,$K$1:K62,$K62,$L$1:L62,$L62,$M$1:M62,M62,$N$1:N62,N62),COUNTIFS($J$1:J62,$J62,$K$1:K62,$K62,$L$1:L62,$L62,$M$1:M62,M62,$N$1:N62,N62))) -> 004 | P62: =VLOOKUP(Table43[[#This Row],[Department]],'Mapping code'!A:B,2,0)&"-"&VLOOKUP(Table43[[#This Row],[Category]],'Mapping code'!E:F,2,0)&"-"&VLOOKUP(Table43[[#This Row],[Machine]],'Mapping code'!I:J,2,0)&"-"&VLOOKUP(Table43[[#This Row],[Product Nature]],'Mapping code'!N:O,2,0)&"-"&VLOOKUP(Table43[[#This Row],[Category2]],'Mapping code'!Q:R,2,0)&Table43[[#This Row],[Seq]]&IF(Table43[[#This Row],[New Inventory]]="Yes","-INV","") -> MS-NS-004-29-01004-INV | Q62: ABB B | R62: MP-NS-004-00-00035 | S62: 0471151 SPA 40 Positioning pin SCHUNK | T62: =+IFERROR(_xlfn.XLOOKUP(Table43[[#This Row],[Column1]],#REF!,#REF!),0) -> 0 | U62: =IFERROR(_xlfn.XLOOKUP(Table43[[#This Row],[Column1]],#REF!,#REF!),0) -> 0
A63: ABBFX-010 | B63: 0471152 SPB 40 Positioning pin SCHUNK | C63: Normal Spares-NS | D63: 0 | E63: Yes | F63: 1 | G63: 2 | H63: 0 | I63: =Table43[[#This Row],[Item Cost]]*Table43[[#This Row],[In Stock]] -> 0 | J63: Maintenance Section | K63: Normal Spares | L63: ABB | M63: Fixtures blocks | N63: FSFCM/ FSRCM | O63: =IF(LEN(COUNTIFS($J$1:J63,$J63,$K$1:K63,$K63,$L$1:L63,$L63,$M$1:M63,M63,$N$1:N63,N63))=1,"00"&COUNTIFS($J$1:J63,$J63,$K$1:K63,$K63,$L$1:L63,$L63,$M$1:M63,M63,$N$1:N63,N63),IF(LEN(COUNTIFS($J$1:J63,$J63,$K$1:K63,$K63,$L$1:L63,$L63,$M$1:M63,M63,$N$1:N63,N63))=2,"0"&COUNTIFS($J$1:J63,$J63,$K$1:K63,$K63,$L$1:L63,$L63,$M$1:M63,M63,$N$1:N63,N63),COUNTIFS($J$1:J63,$J63,$K$1:K63,$K63,$L$1:L63,$L63,$M$1:M63,M63,$N$1:N63,N63))) -> 005 | P63: =VLOOKUP(Table43[[#This Row],[Department]],'Mapping code'!A:B,2,0)&"-"&VLOOKUP(Table43[[#This Row],[Category]],'Mapping code'!E:F,2,0)&"-"&VLOOKUP(Table43[[#This Row],[Machine]],'Mapping code'!I:J,2,0)&"-"&VLOOKUP(Table43[[#This Row],[Product Nature]],'Mapping code'!N:O,2,0)&"-"&VLOOKUP(Table43[[#This Row],[Category2]],'Mapping code'!Q:R,2,0)&Table43[[#This Row],[Seq]]&IF(Table43[[#This Row],[New Inventory]]="Yes","-INV","") -> MS-NS-004-29-01005-INV | Q63: ABB B | R63: MP-NS-004-00-00036 | S63: 0471152 SPB 40 Positioning pin SCHUNK | T63: =+IFERROR(_xlfn.XLOOKUP(Table43[[#This Row],[Column1]],#REF!,#REF!),0) -> 0 | U63: =IFERROR(_xlfn.XLOOKUP(Table43[[#This Row],[Column1]],#REF!,#REF!),0) -> 0
